telco,tenDoiTac,requestId,transIdVpay,ngayGd,ketQuaFinal,menhgia,chietkhau
Mobifone,IMEDIA_TEST,IMD-GOJEK-20210723142003,47722,2022-03-06 04:34:50.497,A,20000,0.053
Mobifone,IMEDIA_TEST,IMD-GOJEK-202107231420,47723,2022-03-06 04:34:50.497,A,20000,0.053
Mobifone,IMEDIA_TEST,IMD-GOJEK-20210723142,47724,2022-03-06 04:34:50.497,A,20000,0.053
Mobifone,IMEDIA_TEST,IMD-GOJEK-2021072314,47725,2022-03-06 04:34:50.497,A,20000,0.053
Mobifone,IMEDIA_TEST,IMD-GOJEK-202107231,47726,2022-03-06 04:34:50.497,A,20000,0.053
Mobifone,IMEDIA_TEST,IMD-GOJEK-20210723,47727,2022-03-06 04:34:50.497,A,10000,0.053
Mobifone,IMEDIA_TEST,IMD-GOJEK-2021072,47728,2022-03-06 04:34:50.497,A,10000,0.053
Mobifone,IMEDIA_TEST,IMD-GOJEK-202107,47729,2022-03-06 04:34:50.497,A,20000,0.053
Mobifone,IMEDIA_TEST,IMD-GOJEK-20210,47730,2022-03-06 04:34:50.497,A,20000,0.053
Mobifone,IMEDIA_TEST,IMD-GOJEK-202,47731,2022-03-06 04:34:50.497,A,20000,0.053
Mobifone,IMEDIA_TEST,IMD-GOJEK-2022,47732,2022-03-06 04:34:50.497,A,20000,0.053
Mobifone,IMEDIA_TEST,IMD-GOJEK-2023,47733,2022-03-06 04:34:50.497,A,20000,0.053
Mobifone,IMEDIA_TEST,IMD-GOJEK-2024,47734,2022-03-06 04:34:50.497,A,20000,0.053
Mobifone,IMEDIA_TEST,IMD-GOJEK-2025,47735,2022-03-06 04:34:50.497,A,20000,0.053
Mobifone,IMEDIA_TEST,IMD-GOJEK-2021072314200343296680146,47736,2022-03-06 04:34:50.497,A,30000,0.053
Viettel,IMEDIA_TEST,IMD-GOJEK-2021072314200343296680147,47737,2022-03-06 04:34:50.497,A,30000,0.035
Mobifone,IMEDIA_TEST,IMD-GOJEK-2021072314200343296680148,47738,2022-03-06 04:34:50.497,A,30000,0.053
Mobifone,IMEDIA_TEST,IMD-GOJEK-2021072314200343296680149,47739,2022-03-06 04:34:50.497,A,30000,0.053
Mobifone,IMEDIA_TEST,IMD-GOJEK-2021072314200343296680150,47740,2022-03-06 04:34:50.497,A,30000,0.053
Vinaphone,IMEDIA_TEST,IMD-GOJEK-2021072314200343372740151,47741,2022-03-06 04:34:50.497,A,30000,0.052
Viettel,IMEDIA_TEST,IMD-GOJEK-2021072314200343372740152,47742,2022-03-06 04:34:50.497,A,30000,0.035
Viettel,IMEDIA_TEST,IMD-GOJEK-2021072314200343372740153,47743,2022-03-06 04:34:50.497,A,30000,0.035
Mobifone,IMEDIA_TEST,IMD-GOJEK-2021072314200343372740154,47744,2022-03-06 04:34:50.497,A,30000,0.053
Mobifone,IMEDIA_TEST,IMD-GOJEK-2021072314200343344560155,47745,2022-03-06 04:34:50.497,A,30000,0.053
Mobifone,IMEDIA_TEST,IMD-GOJEK-2021072609392682894130584,47746,2022-03-06 04:34:50.497,A,30000,0.053
Mobifone,IMEDIA_TEST,IMD-GOJEK-2021072609392682894130585,47747,2022-03-06 04:34:50.497,A,30000,0.053
Viettel,IMEDIA_TEST,IMD-GOJEK-2021072609392682894130586,47748,2022-03-06 04:34:50.497,A,30000,0.035
Vnmobile,IMEDIA_TEST,IMD-GOJEK-2021072609392682894130587,47749,2022-03-06 04:34:50.497,A,30000,0.062
Mobifone,IMEDIA_TEST,IMD-GOJEK-2021072609392682894130588,47750,2022-03-06 04:34:50.497,A,30000,0.053
Viettel,IMEDIA_TEST,IMD-GOJEK-2021072609392682894130589,47751,2022-03-06 04:34:50.497,A,30000,0.035
Vinaphone,IMEDIA_TEST,IMD-GOJEK-2021072609392682894130590,47752,2022-03-06 04:34:50.497,A,30000,0.052
Viettel,IMEDIA_TEST,IMD-GOJEK-2021072609392682894130591,47753,2022-03-06 04:34:50.497,A,30000,0.035
Mobifone,IMEDIA_TEST,IMD-GOJEK-2021072609392682894130592,47754,2022-03-06 04:34:50.497,A,30000,0.053
Vinaphone,IMEDIA_TEST,IMD-TEST-2021072609451573266790822,47755,2022-03-06 04:34:50.497,A,30000,0.052
Mobifone,IMEDIA_TEST,IMD-TEST-2021072609451573186470818,47756,2022-03-06 04:34:50.497,A,30000,0.056
Vinaphone,IMEDIA_TEST,IMD-GOJEK-2021072609392692500113050,47757,2022-03-06 04:34:50.497,A,20000,0.052
Mobifone,IMEDIA_TEST,IMD-TEST-2021072609451573166790819,47758,2022-03-06 04:34:50.497,A,30000,0.056
Vinaphone,IMEDIA_TEST,IMD-GOJEK-2021072609392692500113069,47759,2022-03-06 04:34:50.497,A,20000,0.052
Vinaphone,IMEDIA_TEST,IMD-TEST-2021072609451573266790825,47760,2022-03-06 04:34:50.497,A,30000,0.052
Mobifone,IMEDIA_TEST,IMD-GOJEK-2021072609392692500113045,47761,2022-03-06 04:34:50.497,A,20000,0.053
Vinaphone,IMEDIA_TEST,IMD-GOJEK-2021072609392692500113073,47762,2022-03-06 04:34:50.497,A,20000,0.052
Mobifone,IMEDIA_TEST,IMD-TEST-2021072609451573266790821,47763,2022-03-06 04:34:50.497,A,30000,0.056
Vinaphone,IMEDIA_TEST,IMD-TEST-2021072609451573266790827,47764,2022-03-06 04:34:50.497,A,30000,0.052
Vinaphone,IMEDIA_TEST,IMD-GOJEK-2021072609392692500113075,47765,2022-03-06 04:34:50.497,A,20000,0.052
Mobifone,IMEDIA_TEST,IMD-TEST-2021072609451573266790823,47766,2022-03-06 04:34:50.497,A,30000,0.056
Vinaphone,IMEDIA_TEST,IMD-TEST-2021072609451573266790828,47767,2022-03-06 04:34:50.497,A,30000,0.052
Vinaphone,IMEDIA_TEST,IMD-GOJEK-2021072609392692500113088,47768,2022-03-06 04:34:50.497,A,20000,0.052
Mobifone,IMEDIA_TEST,IMD-TEST-2021072609451573266790826,47769,2022-03-06 04:34:50.497,A,30000,0.056
Vinaphone,IMEDIA_TEST,IMD-GOJEK-2021072609392692671913111,47770,2022-03-06 04:34:50.497,A,20000,0.052
Vinaphone,IMEDIA_TEST,IMD-TEST-2021072609451573266790829,47771,2022-03-06 04:34:50.497,A,30000,0.052
Vinaphone,IMEDIA_TEST,IMD-GOJEK-2021072609392692671913118,47772,2022-03-06 04:34:50.497,A,20000,0.052
Mobifone,IMEDIA_TEST,IMD-TEST-2021072609451573266790831,47773,2022-03-06 04:34:50.497,A,30000,0.056
Vinaphone,IMEDIA_TEST,IMD-TEST-2021072609451573342860847,47774,2022-03-06 04:34:50.497,A,30000,0.052
Vinaphone,IMEDIA_TEST,IMD-GOJEK-2021072609392692671913125,47775,2022-03-06 04:34:50.497,A,20000,0.052
Mobifone,IMEDIA_TEST,IMD-TEST-2021072609451573266790832,47776,2022-03-06 04:34:50.497,A,30000,0.056
Vinaphone,IMEDIA_TEST,IMD-TEST-2021072609451573342860853,47777,2022-03-06 04:34:50.497,A,30000,0.052
Vinaphone,IMEDIA_TEST,IMD-GOJEK-2021072609392692671913129,47778,2022-03-06 04:34:50.497,A,20000,0.052
Mobifone,IMEDIA_TEST,IMD-TEST-2021072609451573266790833,47779,2022-03-06 04:34:50.497,A,30000,0.056
Vinaphone,IMEDIA_TEST,IMD-GOJEK-2021072609392689984192134,47780,2022-03-06 04:34:50.497,A,20000,0.052
Vinaphone,IMEDIA_TEST,IMD-TEST-2021072609451573414670862,47781,2022-03-06 04:34:50.497,A,30000,0.052
Mobifone,IMEDIA_TEST,IMD-TEST-2021072609451573266790834,47782,2022-03-06 04:34:50.497,A,30000,0.056
Vinaphone,IMEDIA_TEST,IMD-GOJEK-2021072609392690064512150,47783,2022-03-06 04:34:50.497,A,20000,0.052
Vinaphone,IMEDIA_TEST,IMD-TEST-2021072609451573590730896,47784,2022-03-06 04:34:50.497,A,30000,0.052
Vinaphone,IMEDIA_TEST,IMD-GOJEK-2021072609392690064512160,47785,2022-03-06 04:34:50.497,A,20000,0.052
Mobifone,IMEDIA_TEST,IMD-TEST-2021072609451573266790835,47786,2022-03-06 04:34:50.497,A,30000,0.056
Mobifone,IMEDIA_TEST,IMD-GOJEK-2021072609392692500113046,47787,2022-03-06 04:34:50.497,A,20000,0.053
Vinaphone,IMEDIA_TEST,IMD-TEST-2021072609451573590730905,47788,2022-03-06 04:34:50.497,A,30000,0.052
Vinaphone,IMEDIA_TEST,IMD-GOJEK-2021072609392690064512168,47789,2022-03-06 04:34:50.497,A,20000,0.052
Mobifone,IMEDIA_TEST,IMD-TEST-2021072609451573266790836,47790,2022-03-06 04:34:50.497,A,30000,0.056
Vinaphone,IMEDIA_TEST,IMD-GOJEK-2021072609392690140572181,47791,2022-03-06 04:34:50.497,A,20000,0.052
Vinaphone,IMEDIA_TEST,IMD-TEST-2021072609451573671040910,47792,2022-03-06 04:34:50.497,A,30000,0.052
Mobifone,IMEDIA_TEST,IMD-TEST-2021072609451573342860838,47793,2022-03-06 04:34:50.497,A,30000,0.056
Vinaphone,IMEDIA_TEST,IMD-GOJEK-2021072609392690140572200,47794,2022-03-06 04:34:50.497,A,20000,0.052
Vinaphone,IMEDIA_TEST,IMD-TEST-2021072609451573671040919,47795,2022-03-06 04:34:50.497,A,30000,0.052
Vinaphone,IMEDIA_TEST,IMD-GOJEK-2021072609392690212392216,47796,2022-03-06 04:34:50.497,A,20000,0.052
Mobifone,IMEDIA_TEST,IMD-TEST-2021072609451573342860842,47797,2022-03-06 04:34:50.497,A,30000,0.056
Vinaphone,IMEDIA_TEST,IMD-GOJEK-2021072609392690212392234,47798,2022-03-06 04:34:50.497,A,20000,0.052
Vinaphone,IMEDIA_TEST,IMD-TEST-2021072609451573747110942,47799,2022-03-06 04:34:50.497,A,30000,0.052
Mobifone,IMEDIA_TEST,IMD-TEST-2021072609451573342860843,47800,2022-03-06 04:34:50.497,A,30000,0.056
Vinaphone,IMEDIA_TEST,IMD-GOJEK-2021072609392690212392238,47801,2022-03-06 04:34:50.497,A,20000,0.052
Vinaphone,IMEDIA_TEST,IMD-TEST-2021072609451573994980954,47802,2022-03-06 04:34:50.497,A,30000,0.052
Vinaphone,IMEDIA_TEST,IMD-GOJEK-2021072609392690388442250,47803,2022-03-06 04:34:50.497,A,20000,0.052
Mobifone,IMEDIA_TEST,IMD-TEST-2021072609451573342860844,47804,2022-03-06 04:34:50.497,A,30000,0.056
Vinaphone,IMEDIA_TEST,IMD-TEST-2021072609451573994980958,47805,2022-03-06 04:34:50.497,A,30000,0.052
Vinaphone,IMEDIA_TEST,IMD-GOJEK-2021072609392690388442252,47806,2022-03-06 04:34:50.497,A,20000,0.052
Mobifone,IMEDIA_TEST,IMD-GOJEK-2021072609392692500113047,47807,2022-03-06 04:34:50.497,A,20000,0.053
Mobifone,IMEDIA_TEST,IMD-TEST-2021072609451573342860846,47808,2022-03-06 04:34:50.497,A,30000,0.056
Vinaphone,IMEDIA_TEST,IMD-GOJEK-2021072609392690388442269,47809,2022-03-06 04:34:50.497,A,20000,0.052
Vinaphone,IMEDIA_TEST,IMD-TEST-2021072609451573994980960,47810,2022-03-06 04:34:50.497,A,30000,0.052
Mobifone,IMEDIA_TEST,IMD-TEST-2021072609451573342860848,47811,2022-03-06 04:34:50.497,A,30000,0.056
Vinaphone,IMEDIA_TEST,IMD-GOJEK-2021072609392690468762296,47812,2022-03-06 04:34:50.497,A,20000,0.052
Vinaphone,IMEDIA_TEST,IMD-TEST-2021072609451566024270012,47813,2022-03-06 04:34:50.497,A,30000,0.052
Mobifone,IMEDIA_TEST,IMD-TEST-2021072609451573342860849,47814,2022-03-06 04:34:50.497,A,30000,0.056
Vinaphone,IMEDIA_TEST,IMD-GOJEK-2021072609392690468762297,47815,2022-03-06 04:34:50.497,A,20000,0.052
Vinaphone,IMEDIA_TEST,IMD-TEST-2021072609451566100340017,47816,2022-03-06 04:34:50.497,A,30000,0.052
Vinaphone,IMEDIA_TEST,IMD-GOJEK-2021072609392690468762307,47817,2022-03-06 04:34:50.497,A,20000,0.052
Mobifone,IMEDIA_TEST,IMD-TEST-2021072609451573342860852,47818,2022-03-06 04:34:50.497,A,30000,0.056
Vinaphone,IMEDIA_TEST,IMD-TEST-2021072609451566272140021,47819,2022-03-06 04:34:50.497,A,30000,0.052
Vinaphone,IMEDIA_TEST,IMD-GOJEK-2021072609392690544822330,47820,2022-03-06 04:34:50.497,A,20000,0.052
Mobifone,IMEDIA_TEST,IMD-TEST-2021072609451573342860855,47821,2022-03-06 04:34:50.497,A,30000,0.056
Vinaphone,IMEDIA_TEST,IMD-TEST-2021072609451566570560036,47822,2022-03-06 04:34:50.497,A,30000,0.052
Vinaphone,IMEDIA_TEST,IMD-GOJEK-2021072609392690616642360,47823,2022-03-06 04:34:50.497,A,20000,0.052
Mobifone,IMEDIA_TEST,IMD-GOJEK-2021072609392692500113048,47824,2022-03-06 04:34:50.497,A,20000,0.053
Mobifone,IMEDIA_TEST,IMD-TEST-2021072609451573342860856,47825,2022-03-06 04:34:50.497,A,30000,0.056
Vinaphone,IMEDIA_TEST,IMD-GOJEK-2021072609392690616642370,47826,2022-03-06 04:34:50.497,A,20000,0.052
Vinaphone,IMEDIA_TEST,IMD-TEST-2021072609451566642380039,47827,2022-03-06 04:34:50.497,A,30000,0.052
Mobifone,IMEDIA_TEST,IMD-TEST-2021072609451573342860857,47828,2022-03-06 04:34:50.497,A,30000,0.056
Vinaphone,IMEDIA_TEST,IMD-GOJEK-2021072609392690616642371,47829,2022-03-06 04:34:50.497,A,20000,0.052
Vinaphone,IMEDIA_TEST,IMD-TEST-2021072609451566874810054,47830,2022-03-06 04:34:50.497,A,30000,0.052
Vinaphone,IMEDIA_TEST,IMD-GOJEK-2021072609392690616642373,47831,2022-03-06 04:34:50.497,A,20000,0.052
Mobifone,IMEDIA_TEST,IMD-TEST-2021072609451573342860858,47832,2022-03-06 04:34:50.497,A,30000,0.056
Vinaphone,IMEDIA_TEST,IMD-TEST-2021072609451567122690067,47833,2022-03-06 04:34:50.497,A,30000,0.052
Vinaphone,IMEDIA_TEST,IMD-GOJEK-2021072609392690792692381,47834,2022-03-06 04:34:50.497,A,20000,0.052
Mobifone,IMEDIA_TEST,IMD-TEST-2021072609451573342860859,47835,2022-03-06 04:34:50.497,A,30000,0.056
Vinaphone,IMEDIA_TEST,IMD-GOJEK-2021072609392690792692390,47836,2022-03-06 04:34:50.497,A,20000,0.052
Vinaphone,IMEDIA_TEST,IMD-TEST-2021072609451567526950088,47837,2022-03-06 04:34:50.497,A,30000,0.052
Mobifone,IMEDIA_TEST,IMD-TEST-2021072609451573414670861,47838,2022-03-06 04:34:50.497,A,30000,0.056
Vinaphone,IMEDIA_TEST,IMD-GOJEK-2021072609392690873012403,47839,2022-03-06 04:34:50.497,A,20000,0.052
Mobifone,IMEDIA_TEST,IMD-GOJEK-2021072609392692500113049,47840,2022-03-06 04:34:50.497,A,20000,0.053
Vinaphone,IMEDIA_TEST,IMD-TEST-2021072609451567607260093,47841,2022-03-06 04:34:50.497,A,30000,0.052
Vinaphone,IMEDIA_TEST,IMD-GOJEK-2021072609392690873012406,47842,2022-03-06 04:34:50.497,A,20000,0.052
Mobifone,IMEDIA_TEST,IMD-TEST-2021072609451573414670863,47843,2022-03-06 04:34:50.497,A,30000,0.056
Vinaphone,IMEDIA_TEST,IMD-TEST-2021072609451567607260096,47844,2022-03-06 04:34:50.497,A,30000,0.052
Vinaphone,IMEDIA_TEST,IMD-GOJEK-2021072609392690949082411,47845,2022-03-06 04:34:50.497,A,20000,0.052
Mobifone,IMEDIA_TEST,IMD-TEST-2021072609451573414670865,47846,2022-03-06 04:34:50.497,A,30000,0.056
Vinaphone,IMEDIA_TEST,IMD-GOJEK-2021072609392690949082412,47847,2022-03-06 04:34:50.497,A,20000,0.052
Vinaphone,IMEDIA_TEST,IMD-TEST-2021072609451567783320109,47848,2022-03-06 04:34:50.497,A,30000,0.052
Mobifone,IMEDIA_TEST,IMD-TEST-2021072609451573414670867,47849,2022-03-06 04:34:50.497,A,30000,0.056
Vinaphone,IMEDIA_TEST,IMD-GOJEK-2021072609392690949082414,47850,2022-03-06 04:34:50.497,A,20000,0.052
Vinaphone,IMEDIA_TEST,IMD-TEST-2021072609451567931200121,47851,2022-03-06 04:34:50.497,A,30000,0.052
Mobifone,IMEDIA_TEST,IMD-TEST-2021072609451573414670872,47852,2022-03-06 04:34:50.497,A,30000,0.056
Vinaphone,IMEDIA_TEST,IMD-GOJEK-2021072609392690949082418,47853,2022-03-06 04:34:50.497,A,20000,0.052
Vinaphone,IMEDIA_TEST,IMD-TEST-2021072609451567931200122,47854,2022-03-06 04:34:50.497,A,30000,0.052
Mobifone,IMEDIA_TEST,IMD-TEST-2021072609451573414670875,47855,2022-03-06 04:34:50.497,A,30000,0.056
Vinaphone,IMEDIA_TEST,IMD-GOJEK-2021072609392690949082421,47856,2022-03-06 04:34:50.497,A,20000,0.052
Vinaphone,IMEDIA_TEST,IMD-TEST-2021072609451568045530134,47857,2022-03-06 04:34:50.497,A,30000,0.052
Vinaphone,IMEDIA_TEST,IMD-GOJEK-2021072609392690949082425,47858,2022-03-06 04:34:50.497,A,20000,0.052
Mobifone,IMEDIA_TEST,IMD-TEST-2021072609451573414670876,47859,2022-03-06 04:34:50.497,A,30000,0.056
Mobifone,IMEDIA_TEST,IMD-GOJEK-2021072609392692500113051,47860,2022-03-06 04:34:50.497,A,20000,0.053
Vinaphone,IMEDIA_TEST,IMD-GOJEK-2021072609392690949082426,47861,2022-03-06 04:34:50.497,A,20000,0.052
Vinaphone,IMEDIA_TEST,IMD-TEST-2021072609451568293400151,47862,2022-03-06 04:34:50.497,A,30000,0.052
Mobifone,IMEDIA_TEST,IMD-TEST-2021072609451573414670879,47863,2022-03-06 04:34:50.497,A,30000,0.056
Vinaphone,IMEDIA_TEST,IMD-GOJEK-2021072609392691459162510,47864,2022-03-06 04:34:50.497,A,20000,0.052
Vinaphone,IMEDIA_TEST,IMD-TEST-2021072609451568449780160,47865,2022-03-06 04:34:50.497,A,30000,0.052
Vinaphone,IMEDIA_TEST,IMD-GOJEK-2021072609392691515542550,47866,2022-03-06 04:34:50.497,A,20000,0.052
Mobifone,IMEDIA_TEST,IMD-TEST-2021072609451573414670882,47867,2022-03-06 04:34:50.497,A,30000,0.056
Vinaphone,IMEDIA_TEST,IMD-GOJEK-2021072609392691615542560,47868,2022-03-06 04:34:50.497,A,20000,0.052
Vinaphone,IMEDIA_TEST,IMD-TEST-2021072609451568697650174,47869,2022-03-06 04:34:50.497,A,30000,0.052
Mobifone,IMEDIA_TEST,IMD-TEST-2021072609451573414670884,47870,2022-03-06 04:34:50.497,A,30000,0.056
Vinaphone,IMEDIA_TEST,IMD-GOJEK-2021072609392691615542562,47871,2022-03-06 04:34:50.497,A,20000,0.052
Vinaphone,IMEDIA_TEST,IMD-TEST-2021072609451568697650175,47872,2022-03-06 04:34:50.497,A,30000,0.052
Vinaphone,IMEDIA_TEST,IMD-GOJEK-2021072609392691791602593,47873,2022-03-06 04:34:50.497,A,20000,0.052
Mobifone,IMEDIA_TEST,IMD-TEST-2021072609451573414670885,47874,2022-03-06 04:34:50.497,A,30000,0.056
Vinaphone,IMEDIA_TEST,IMD-TEST-2021072609451568854040191,47875,2022-03-06 04:34:50.497,A,30000,0.052
Vinaphone,IMEDIA_TEST,IMD-GOJEK-2021072609392691791602608,47876,2022-03-06 04:34:50.497,A,20000,0.052
Mobifone,IMEDIA_TEST,IMD-TEST-2021072609451573590730887,47877,2022-03-06 04:34:50.497,A,30000,0.056
Mobifone,IMEDIA_TEST,IMD-GOJEK-2021072609392692500113052,47878,2022-03-06 04:34:50.497,A,20000,0.053
Vinaphone,IMEDIA_TEST,IMD-GOJEK-2021072609392691791602613,47879,2022-03-06 04:34:50.497,A,20000,0.052
Vinaphone,IMEDIA_TEST,IMD-TEST-2021072609451568854040194,47880,2022-03-06 04:34:50.497,A,30000,0.052
Mobifone,IMEDIA_TEST,IMD-TEST-2021072609451573590730890,47881,2022-03-06 04:34:50.497,A,30000,0.056
Vinaphone,IMEDIA_TEST,IMD-GOJEK-2021072609392691791602615,47882,2022-03-06 04:34:50.497,A,20000,0.052
Vinaphone,IMEDIA_TEST,IMD-TEST-2021072609451569177970224,47883,2022-03-06 04:34:50.497,A,30000,0.052
Mobifone,IMEDIA_TEST,IMD-TEST-2021072609451573590730893,47884,2022-03-06 04:34:50.497,A,30000,0.056
Vinaphone,IMEDIA_TEST,IMD-GOJEK-2021072609392691863412628,47885,2022-03-06 04:34:50.497,A,20000,0.052
Vinaphone,IMEDIA_TEST,IMD-TEST-2021072609451569258290226,47886,2022-03-06 04:34:50.497,A,30000,0.052
Vinaphone,IMEDIA_TEST,IMD-GOJEK-2021072609392691863412632,47887,2022-03-06 04:34:50.497,A,20000,0.052
Mobifone,IMEDIA_TEST,IMD-TEST-2021072609451573590730895,47888,2022-03-06 04:34:50.497,A,30000,0.056
Vinaphone,IMEDIA_TEST,IMD-TEST-2021072609451569258290227,47889,2022-03-06 04:34:50.497,A,30000,0.052
Vinaphone,IMEDIA_TEST,IMD-GOJEK-2021072609392691863412639,47890,2022-03-06 04:34:50.497,A,20000,0.052
Mobifone,IMEDIA_TEST,IMD-TEST-2021072609451573590730897,47891,2022-03-06 04:34:50.497,A,30000,0.056
Vinaphone,IMEDIA_TEST,IMD-TEST-2021072609451569258290230,47892,2022-03-06 04:34:50.497,A,30000,0.052
Vinaphone,IMEDIA_TEST,IMD-GOJEK-2021072609392691939482644,47893,2022-03-06 04:34:50.497,A,20000,0.052
Mobifone,IMEDIA_TEST,IMD-TEST-2021072609451573590730898,47894,2022-03-06 04:34:50.497,A,30000,0.056
Vinaphone,IMEDIA_TEST,IMD-TEST-2021072609451569334350240,47895,2022-03-06 04:34:50.497,A,30000,0.052
Vinaphone,IMEDIA_TEST,IMD-GOJEK-2021072609392691939482646,47896,2022-03-06 04:34:50.497,A,20000,0.052
Mobifone,IMEDIA_TEST,IMD-TEST-2021072609451573590730899,47897,2022-03-06 04:34:50.497,A,30000,0.056
Vinaphone,IMEDIA_TEST,IMD-TEST-2021072609451569582220257,47898,2022-03-06 04:34:50.497,A,30000,0.052
Vinaphone,IMEDIA_TEST,IMD-GOJEK-2021072609392691939482650,47899,2022-03-06 04:34:50.497,A,20000,0.052
Mobifone,IMEDIA_TEST,IMD-GOJEK-2021072609392692500113053,47900,2022-03-06 04:34:50.497,A,20000,0.053
Mobifone,IMEDIA_TEST,IMD-TEST-2021072609451573590730900,47901,2022-03-06 04:34:50.497,A,30000,0.056
Vinaphone,IMEDIA_TEST,IMD-TEST-2021072609451569952460293,47902,2022-03-06 04:34:50.497,A,30000,0.052
Vinaphone,IMEDIA_TEST,IMD-GOJEK-2021072609392691939482666,47903,2022-03-06 04:34:50.497,A,20000,0.052
Mobifone,IMEDIA_TEST,IMD-TEST-2021072609451573590730902,47904,2022-03-06 04:34:50.497,A,30000,0.056
Vinaphone,IMEDIA_TEST,IMD-GOJEK-2021072609392691939482675,47905,2022-03-06 04:34:50.497,A,20000,0.052
Vinaphone,IMEDIA_TEST,IMD-TEST-2021072609451569952460295,47906,2022-03-06 04:34:50.497,A,30000,0.052
Vinaphone,IMEDIA_TEST,IMD-GOJEK-2021072609392691919792681,47907,2022-03-06 04:34:50.497,A,20000,0.052
Mobifone,IMEDIA_TEST,IMD-TEST-2021072609451573671040907,47908,2022-03-06 04:34:50.497,A,30000,0.056
Vinaphone,IMEDIA_TEST,IMD-TEST-2021072609451570008840319,47909,2022-03-06 04:34:50.497,A,30000,0.052
Vinaphone,IMEDIA_TEST,IMD-GOJEK-2021072609392692019792682,47910,2022-03-06 04:34:50.497,A,20000,0.052
Mobifone,IMEDIA_TEST,IMD-TEST-2021072609451573671040908,47911,2022-03-06 04:34:50.497,A,30000,0.056
Vinaphone,IMEDIA_TEST,IMD-GOJEK-2021072609392692019792685,47912,2022-03-06 04:34:50.497,A,20000,0.052
Vinaphone,IMEDIA_TEST,IMD-TEST-2021072609451570108840321,47913,2022-03-06 04:34:50.497,A,30000,0.052
Mobifone,IMEDIA_TEST,IMD-TEST-2021072609451573671040909,47914,2022-03-06 04:34:50.497,A,30000,0.056
Vinaphone,IMEDIA_TEST,IMD-GOJEK-2021072609392692019792696,47915,2022-03-06 04:34:50.497,A,20000,0.052
Vinaphone,IMEDIA_TEST,IMD-TEST-2021072609451570108840323,47916,2022-03-06 04:34:50.497,A,30000,0.052
Vinaphone,IMEDIA_TEST,IMD-GOJEK-2021072609392692019792703,47917,2022-03-06 04:34:50.497,A,20000,0.052
Mobifone,IMEDIA_TEST,IMD-TEST-2021072609451573671040911,47918,2022-03-06 04:34:50.497,A,30000,0.056
Vinaphone,IMEDIA_TEST,IMD-TEST-2021072609451570108840328,47919,2022-03-06 04:34:50.497,A,30000,0.052
Vinaphone,IMEDIA_TEST,IMD-GOJEK-2021072609392692019792704,47920,2022-03-06 04:34:50.497,A,20000,0.052
Mobifone,IMEDIA_TEST,IMD-TEST-2021072609451573671040912,47921,2022-03-06 04:34:50.497,A,30000,0.056
Vinaphone,IMEDIA_TEST,IMD-TEST-2021072609451570280640332,47922,2022-03-06 04:34:50.497,A,30000,0.052
Vinaphone,IMEDIA_TEST,IMD-GOJEK-2021072609392692019792712,47923,2022-03-06 04:34:50.497,A,20000,0.052
Mobifone,IMEDIA_TEST,IMD-TEST-2021072609451573671040914,47924,2022-03-06 04:34:50.497,A,30000,0.056
Vinaphone,IMEDIA_TEST,IMD-GOJEK-2021072609392692019792718,47925,2022-03-06 04:34:50.497,A,20000,0.052
Vinaphone,IMEDIA_TEST,IMD-TEST-2021072609451570513090373,47926,2022-03-06 04:34:50.497,A,30000,0.052
Mobifone,IMEDIA_TEST,IMD-GOJEK-2021072609392692500113054,47927,2022-03-06 04:34:50.497,A,20000,0.053
Vinaphone,IMEDIA_TEST,IMD-GOJEK-2021072609392692019792720,47928,2022-03-06 04:34:50.497,A,20000,0.052
Mobifone,IMEDIA_TEST,IMD-TEST-2021072609451573671040915,47929,2022-03-06 04:34:50.497,A,30000,0.056
Vinaphone,IMEDIA_TEST,IMD-TEST-2021072609451570684900378,47930,2022-03-06 04:34:50.497,A,30000,0.052
Vinaphone,IMEDIA_TEST,IMD-GOJEK-2021072609392692019792728,47931,2022-03-06 04:34:50.497,A,20000,0.052
Mobifone,IMEDIA_TEST,IMD-TEST-2021072609451573671040916,47932,2022-03-06 04:34:50.497,A,30000,0.056
Vinaphone,IMEDIA_TEST,IMD-TEST-2021072609451570660960388,47933,2022-03-06 04:34:50.497,A,30000,0.052
Vinaphone,IMEDIA_TEST,IMD-GOJEK-2021072609392692019792729,47934,2022-03-06 04:34:50.497,A,20000,0.052
Mobifone,IMEDIA_TEST,IMD-TEST-2021072609451573671040917,47935,2022-03-06 04:34:50.497,A,30000,0.056
Vinaphone,IMEDIA_TEST,IMD-TEST-2021072609451570760960399,47936,2022-03-06 04:34:50.497,A,30000,0.052
Vinaphone,IMEDIA_TEST,IMD-GOJEK-2021072609392692195852761,47937,2022-03-06 04:34:50.497,A,20000,0.052
Mobifone,IMEDIA_TEST,IMD-TEST-2021072609451573671040923,47938,2022-03-06 04:34:50.497,A,30000,0.056
Vinaphone,IMEDIA_TEST,IMD-GOJEK-2021072609392692195852766,47939,2022-03-06 04:34:50.497,A,20000,0.052
Vinaphone,IMEDIA_TEST,IMD-TEST-2021072609451570917340418,47940,2022-03-06 04:34:50.497,A,30000,0.052
Vinaphone,IMEDIA_TEST,IMD-GOJEK-2021072609392692195852772,47941,2022-03-06 04:34:50.497,A,20000,0.052
Mobifone,IMEDIA_TEST,IMD-TEST-2021072609451573671040925,47942,2022-03-06 04:34:50.497,A,30000,0.056
Vinaphone,IMEDIA_TEST,IMD-TEST-2021072609451570917340426,47943,2022-03-06 04:34:50.497,A,30000,0.052
Vinaphone,IMEDIA_TEST,IMD-GOJEK-2021072609392692195852775,47944,2022-03-06 04:34:50.497,A,20000,0.052
Mobifone,IMEDIA_TEST,IMD-GOJEK-2021072609392692500113055,47945,2022-03-06 04:34:50.497,A,20000,0.053
Mobifone,IMEDIA_TEST,IMD-TEST-2021072609451573747110926,47946,2022-03-06 04:34:50.497,A,30000,0.056
Vinaphone,IMEDIA_TEST,IMD-TEST-2021072609451571089150439,47947,2022-03-06 04:34:50.497,A,30000,0.052
Vinaphone,IMEDIA_TEST,IMD-GOJEK-2021072609392692195852781,47948,2022-03-06 04:34:50.497,A,20000,0.052
Mobifone,IMEDIA_TEST,IMD-TEST-2021072609451573747110927,47949,2022-03-06 04:34:50.497,A,30000,0.056
Vinaphone,IMEDIA_TEST,IMD-GOJEK-2021072609392692195852788,47950,2022-03-06 04:34:50.497,A,20000,0.052
Vinaphone,IMEDIA_TEST,IMD-TEST-2021072609451571089150450,47951,2022-03-06 04:34:50.497,A,30000,0.052
Mobifone,IMEDIA_TEST,IMD-TEST-2021072609451573747110928,47952,2022-03-06 04:34:50.497,A,30000,0.056
Vinaphone,IMEDIA_TEST,IMD-GOJEK-2021072609392692195852792,47953,2022-03-06 04:34:50.497,A,20000,0.052
Vinaphone,IMEDIA_TEST,IMD-TEST-2021072609451571279550475,47954,2022-03-06 04:34:50.497,A,30000,0.052
Vinaphone,IMEDIA_TEST,IMD-GOJEK-2021072609392692195852812,47955,2022-03-06 04:34:50.497,A,20000,0.052
Mobifone,IMEDIA_TEST,IMD-TEST-2021072609451573747110929,47956,2022-03-06 04:34:50.497,A,30000,0.056
Vinaphone,IMEDIA_TEST,IMD-TEST-2021072609451571279550478,47957,2022-03-06 04:34:50.497,A,30000,0.052
Vinaphone,IMEDIA_TEST,IMD-GOJEK-2021072609392692195852818,47958,2022-03-06 04:34:50.497,A,20000,0.052
Mobifone,IMEDIA_TEST,IMD-TEST-2021072609451573747110931,47959,2022-03-06 04:34:50.497,A,30000,0.056
Vinaphone,IMEDIA_TEST,IMD-TEST-2021072609451571355610485,47960,2022-03-06 04:34:50.497,A,30000,0.052
Vinaphone,IMEDIA_TEST,IMD-GOJEK-2021072609392692267662821,47961,2022-03-06 04:34:50.497,A,20000,0.052
Mobifone,IMEDIA_TEST,IMD-TEST-2021072609451573747110933,47962,2022-03-06 04:34:50.497,A,30000,0.056
Vinaphone,IMEDIA_TEST,IMD-TEST-2021072609451571327430501,47963,2022-03-06 04:34:50.497,A,30000,0.052
Vinaphone,IMEDIA_TEST,IMD-GOJEK-2021072609392692267662830,47964,2022-03-06 04:34:50.497,A,20000,0.052
Mobifone,IMEDIA_TEST,IMD-GOJEK-2021072609392692500113056,47965,2022-03-06 04:34:50.497,A,20000,0.053
Mobifone,IMEDIA_TEST,IMD-TEST-2021072609451573747110934,47966,2022-03-06 04:34:50.497,A,30000,0.056
Vinaphone,IMEDIA_TEST,IMD-GOJEK-2021072609392692267662832,47967,2022-03-06 04:34:50.497,A,20000,0.052
Vinaphone,IMEDIA_TEST,IMD-TEST-2021072609451571427430511,47968,2022-03-06 04:34:50.497,A,30000,0.052
Mobifone,IMEDIA_TEST,IMD-TEST-2021072609451573747110935,47969,2022-03-06 04:34:50.497,A,30000,0.056
Vinaphone,IMEDIA_TEST,IMD-GOJEK-2021072609392692267662835,47970,2022-03-06 04:34:50.497,A,20000,0.052
Vinaphone,IMEDIA_TEST,IMD-TEST-2021072609451571503490525,47971,2022-03-06 04:34:50.497,A,30000,0.052
Mobifone,IMEDIA_TEST,IMD-TEST-2021072609451573747110936,47972,2022-03-06 04:34:50.497,A,30000,0.056
Vinaphone,IMEDIA_TEST,IMD-GOJEK-2021072609392692267662851,47973,2022-03-06 04:34:50.497,A,20000,0.052
Vinaphone,IMEDIA_TEST,IMD-TEST-2021072609451571759860562,47974,2022-03-06 04:34:50.497,A,30000,0.052
Mobifone,IMEDIA_TEST,IMD-TEST-2021072609451573747110938,47975,2022-03-06 04:34:50.497,A,30000,0.056
Vinaphone,IMEDIA_TEST,IMD-GOJEK-2021072609392692267662854,47976,2022-03-06 04:34:50.497,A,20000,0.052
Vinaphone,IMEDIA_TEST,IMD-TEST-2021072609451571759860565,47977,2022-03-06 04:34:50.497,A,30000,0.052
Vinaphone,IMEDIA_TEST,IMD-GOJEK-2021072609392692267662855,47978,2022-03-06 04:34:50.497,A,20000,0.052
Mobifone,IMEDIA_TEST,IMD-TEST-2021072609451573747110944,47979,2022-03-06 04:34:50.497,A,30000,0.056
Vinaphone,IMEDIA_TEST,IMD-TEST-2021072609451571831680579,47980,2022-03-06 04:34:50.497,A,30000,0.052
Vinaphone,IMEDIA_TEST,IMD-GOJEK-2021072609392692267662878,47981,2022-03-06 04:34:50.497,A,20000,0.052
Mobifone,IMEDIA_TEST,IMD-TEST-2021072609451573747110945,47982,2022-03-06 04:34:50.497,A,30000,0.056
Vinaphone,IMEDIA_TEST,IMD-GOJEK-2021072609392692267662886,47983,2022-03-06 04:34:50.497,A,20000,0.052
Mobifone,IMEDIA_TEST,IMD-GOJEK-2021072609392692500113057,47984,2022-03-06 04:34:50.497,A,20000,0.053
Vinaphone,IMEDIA_TEST,IMD-TEST-2021072609451571907740590,47985,2022-03-06 04:34:50.497,A,30000,0.052
Mobifone,IMEDIA_TEST,IMD-TEST-2021072609451573818920946,47986,2022-03-06 04:34:50.497,A,30000,0.056
Vinaphone,IMEDIA_TEST,IMD-GOJEK-2021072609392692343732898,47987,2022-03-06 04:34:50.497,A,20000,0.052
Vinaphone,IMEDIA_TEST,IMD-TEST-2021072609451572088050608,47988,2022-03-06 04:34:50.497,A,30000,0.052
Mobifone,IMEDIA_TEST,IMD-TEST-2021072609451573818920948,47989,2022-03-06 04:34:50.497,A,30000,0.056
Vinaphone,IMEDIA_TEST,IMD-GOJEK-2021072609392692343732935,47990,2022-03-06 04:34:50.497,A,20000,0.052
Vinaphone,IMEDIA_TEST,IMD-TEST-2021072609451572164120618,47991,2022-03-06 04:34:50.497,A,30000,0.052
Vinaphone,IMEDIA_TEST,IMD-GOJEK-2021072609392692343732943,47992,2022-03-06 04:34:50.497,A,20000,0.052
Mobifone,IMEDIA_TEST,IMD-TEST-2021072609451573818920949,47993,2022-03-06 04:34:50.497,A,30000,0.056
Vinaphone,IMEDIA_TEST,IMD-TEST-2021072609451572164120629,47994,2022-03-06 04:34:50.497,A,30000,0.052
Vinaphone,IMEDIA_TEST,IMD-GOJEK-2021072609392692343732945,47995,2022-03-06 04:34:50.497,A,20000,0.052
Mobifone,IMEDIA_TEST,IMD-TEST-2021072609451573894980950,47996,2022-03-06 04:34:50.497,A,30000,0.056
Vinaphone,IMEDIA_TEST,IMD-GOJEK-2021072609392692343732958,47997,2022-03-06 04:34:50.497,A,20000,0.052
Vinaphone,IMEDIA_TEST,IMD-TEST-2021072609451572235930642,47998,2022-03-06 04:34:50.497,A,30000,0.052
Mobifone,IMEDIA_TEST,IMD-TEST-2021072609451573994980952,47999,2022-03-06 04:34:50.497,A,30000,0.056
Vinaphone,IMEDIA_TEST,IMD-TEST-2021072609451575874201448,48000,2022-03-06 04:34:50.497,A,20000,0.052
Vinaphone,IMEDIA_TEST,IMD-TEST-2021072609451572235930645,48001,2022-03-06 04:34:50.497,A,30000,0.052
Vinaphone,IMEDIA_TEST,IMD-GOJEK-2021072609392692671913160,48002,2022-03-06 04:34:50.497,A,20000,0.052
Mobifone,IMEDIA_TEST,IMD-TEST-2021072609451573994980955,48003,2022-03-06 04:34:50.497,A,30000,0.056
Mobifone,IMEDIA_TEST,IMD-GOJEK-2021072609392692500113058,48004,2022-03-06 04:34:50.497,A,20000,0.053
Vinaphone,IMEDIA_TEST,IMD-TEST-2021072609451572312000660,48005,2022-03-06 04:34:50.497,A,30000,0.052
Vinaphone,IMEDIA_TEST,IMD-GOJEK-2021072609392692671913167,48006,2022-03-06 04:34:50.497,A,20000,0.052
Mobifone,IMEDIA_TEST,IMD-TEST-2021072609451573994980956,48007,2022-03-06 04:34:50.497,A,30000,0.056
Vinaphone,IMEDIA_TEST,IMD-TEST-2021072609451572492300678,48008,2022-03-06 04:34:50.497,A,30000,0.052
Vinaphone,IMEDIA_TEST,IMD-GOJEK-2021072609392692747983179,48009,2022-03-06 04:34:50.497,A,20000,0.052
Mobifone,IMEDIA_TEST,IMD-TEST-2021072609451573994980959,48010,2022-03-06 04:34:50.497,A,30000,0.056
Vinaphone,IMEDIA_TEST,IMD-TEST-2021072609451572492300682,48011,2022-03-06 04:34:50.497,A,30000,0.052
Vinaphone,IMEDIA_TEST,IMD-GOJEK-2021072609392692747983192,48012,2022-03-06 04:34:50.497,A,20000,0.052
Mobifone,IMEDIA_TEST,IMD-TEST-2021072609451573994980961,48013,2022-03-06 04:34:50.497,A,30000,0.056
Vinaphone,IMEDIA_TEST,IMD-TEST-2021072609451572568370688,48014,2022-03-06 04:34:50.497,A,30000,0.052
Vinaphone,IMEDIA_TEST,IMD-GOJEK-2021072609392692747983196,48015,2022-03-06 04:34:50.497,A,20000,0.052
Mobifone,IMEDIA_TEST,IMD-TEST-2021072609451565796070001,48016,2022-03-06 04:34:50.497,A,30000,0.056
Vinaphone,IMEDIA_TEST,IMD-GOJEK-2021072609392692747983206,48017,2022-03-06 04:34:50.497,A,20000,0.052
Vinaphone,IMEDIA_TEST,IMD-TEST-2021072609451572568370689,48018,2022-03-06 04:34:50.497,A,30000,0.052
Mobifone,IMEDIA_TEST,IMD-TEST-2021072609451565767890002,48019,2022-03-06 04:34:50.497,A,30000,0.056
Vinaphone,IMEDIA_TEST,IMD-GOJEK-2021072609392692747983214,48020,2022-03-06 04:34:50.497,A,20000,0.052
Vinaphone,IMEDIA_TEST,IMD-TEST-2021072609451572640180712,48021,2022-03-06 04:34:50.497,A,30000,0.052
Mobifone,IMEDIA_TEST,IMD-TEST-2021072609451565843950005,48022,2022-03-06 04:34:50.497,A,30000,0.056
Mobifone,IMEDIA_TEST,IMD-GOJEK-2021072609392692500113060,48023,2022-03-06 04:34:50.497,A,20000,0.053
Vinaphone,IMEDIA_TEST,IMD-GOJEK-2021072609392692747983228,48024,2022-03-06 04:34:50.497,A,20000,0.052
Vinaphone,IMEDIA_TEST,IMD-TEST-2021072609451572640180713,48025,2022-03-06 04:34:50.497,A,30000,0.052
Mobifone,IMEDIA_TEST,IMD-TEST-2021072609451565943950006,48026,2022-03-06 04:34:50.497,A,30000,0.056
Vinaphone,IMEDIA_TEST,IMD-GOJEK-2021072609392692747983229,48027,2022-03-06 04:34:50.497,A,20000,0.052
Vinaphone,IMEDIA_TEST,IMD-TEST-2021072609451573010420782,48028,2022-03-06 04:34:50.497,A,30000,0.052
Vinaphone,IMEDIA_TEST,IMD-GOJEK-2021072609392692747983231,48029,2022-03-06 04:34:50.497,A,20000,0.052
Mobifone,IMEDIA_TEST,IMD-TEST-2021072609451565943950007,48030,2022-03-06 04:34:50.497,A,30000,0.056
Vinaphone,IMEDIA_TEST,IMD-GOJEK-2021072609392692894273257,48031,2022-03-06 04:34:50.497,A,20000,0.052
Vinaphone,IMEDIA_TEST,IMD-TEST-2021072609451573010420784,48032,2022-03-06 04:34:50.497,A,30000,0.052
Mobifone,IMEDIA_TEST,IMD-TEST-2021072609451565943950008,48033,2022-03-06 04:34:50.497,A,30000,0.056
Vinaphone,IMEDIA_TEST,IMD-GOJEK-2021072609392692894273260,48034,2022-03-06 04:34:50.497,A,20000,0.052
Vinaphone,IMEDIA_TEST,IMD-TEST-2021072609451573010420785,48035,2022-03-06 04:34:50.497,A,30000,0.052
Mobifone,IMEDIA_TEST,IMD-TEST-2021072609451566024270010,48036,2022-03-06 04:34:50.497,A,30000,0.056
Vinaphone,IMEDIA_TEST,IMD-GOJEK-2021072609392692894273284,48037,2022-03-06 04:34:50.497,A,20000,0.052
Vinaphone,IMEDIA_TEST,IMD-TEST-2021072609451573186470802,48038,2022-03-06 04:34:50.497,A,30000,0.052
Vinaphone,IMEDIA_TEST,IMD-GOJEK-2021072609392692894273314,48039,2022-03-06 04:34:50.497,A,20000,0.052
Mobifone,IMEDIA_TEST,IMD-TEST-2021072609451566024270011,48040,2022-03-06 04:34:50.497,A,30000,0.056
Mobifone,IMEDIA_TEST,IMD-GOJEK-2021072609392692500113062,48041,2022-03-06 04:34:50.497,A,20000,0.053
Vinaphone,IMEDIA_TEST,IMD-TEST-2021072609451573186470813,48042,2022-03-06 04:34:50.497,A,30000,0.052
Vinaphone,IMEDIA_TEST,IMD-GOJEK-2021072609392692970343330,48043,2022-03-06 04:34:50.497,A,20000,0.052
Mobifone,IMEDIA_TEST,IMD-TEST-2021072609451566024270014,48044,2022-03-06 04:34:50.497,A,30000,0.056
Vinaphone,IMEDIA_TEST,IMD-TEST-2021072609451574151360987,48045,2022-03-06 04:34:50.497,A,30000,0.052
Vinaphone,IMEDIA_TEST,IMD-GOJEK-2021072609392692970343340,48046,2022-03-06 04:34:50.497,A,20000,0.052
Mobifone,IMEDIA_TEST,IMD-TEST-2021072609451566024270015,48047,2022-03-06 04:34:50.497,A,30000,0.056
Vinaphone,IMEDIA_TEST,IMD-GOJEK-2021072609392692970343348,48048,2022-03-06 04:34:50.497,A,20000,0.052
Vinaphone,IMEDIA_TEST,IMD-TEST-2021072609451574151360988,48049,2022-03-06 04:34:50.497,A,30000,0.052
Mobifone,IMEDIA_TEST,IMD-TEST-2021072609451566100340018,48050,2022-03-06 04:34:50.497,A,30000,0.056
Vinaphone,IMEDIA_TEST,IMD-GOJEK-2021072609392692970343361,48051,2022-03-06 04:34:50.497,A,20000,0.052
Vinaphone,IMEDIA_TEST,IMD-TEST-2021072609451574223171000,48052,2022-03-06 04:34:50.497,A,30000,0.052
Vinaphone,IMEDIA_TEST,IMD-GOJEK-2021072609392693042153380,48053,2022-03-06 04:34:50.497,A,20000,0.052
Mobifone,IMEDIA_TEST,IMD-TEST-2021072609451566272140020,48054,2022-03-06 04:34:50.497,A,30000,0.056
Vinaphone,IMEDIA_TEST,IMD-TEST-2021072609451574223171005,48055,2022-03-06 04:34:50.497,A,30000,0.052
Vinaphone,IMEDIA_TEST,IMD-GOJEK-2021072609392693042153396,48056,2022-03-06 04:34:50.497,A,20000,0.052
Mobifone,IMEDIA_TEST,IMD-TEST-2021072609451566348210023,48057,2022-03-06 04:34:50.497,A,30000,0.056
Vinaphone,IMEDIA_TEST,IMD-GOJEK-2021072609392693118223414,48058,2022-03-06 04:34:50.497,A,20000,0.052
Vinaphone,IMEDIA_TEST,IMD-GOJEK-2021072609392685587250954,48059,2022-03-06 04:34:50.497,A,30000,0.052
Mobifone,IMEDIA_TEST,IMD-TEST-2021072609451566348210024,48060,2022-03-06 04:34:50.497,A,30000,0.056
Vinaphone,IMEDIA_TEST,IMD-GOJEK-2021072609392693118223418,48061,2022-03-06 04:34:50.497,A,20000,0.052
Mobifone,IMEDIA_TEST,IMD-GOJEK-2021072609392692500113067,48062,2022-03-06 04:34:50.497,A,20000,0.053
Vinaphone,IMEDIA_TEST,IMD-GOJEK-2021072609392685587250958,48063,2022-03-06 04:34:50.497,A,30000,0.052
Mobifone,IMEDIA_TEST,IMD-TEST-2021072609451566348210027,48064,2022-03-06 04:34:50.497,A,30000,0.056
Vinaphone,IMEDIA_TEST,IMD-GOJEK-2021072609392693118223430,48065,2022-03-06 04:34:50.497,A,20000,0.052
Vinaphone,IMEDIA_TEST,IMD-GOJEK-2021072609392685587250960,48066,2022-03-06 04:34:50.497,A,30000,0.052
Mobifone,IMEDIA_TEST,IMD-TEST-2021072609451566494500029,48067,2022-03-06 04:34:50.497,A,30000,0.056
Vinaphone,IMEDIA_TEST,IMD-GOJEK-2021072609392693118223432,48068,2022-03-06 04:34:50.497,A,20000,0.052
Vinaphone,IMEDIA_TEST,IMD-GOJEK-2021072609392693298523449,48069,2022-03-06 04:34:50.497,A,20000,0.052
Vinaphone,IMEDIA_TEST,IMD-GOJEK-2021072609392685587250987,48070,2022-03-06 04:34:50.497,A,30000,0.052
Mobifone,IMEDIA_TEST,IMD-TEST-2021072609451566494500030,48071,2022-03-06 04:34:50.497,A,30000,0.056
Vinaphone,IMEDIA_TEST,IMD-GOJEK-2021072609392693298523476,48072,2022-03-06 04:34:50.497,A,20000,0.052
Vinaphone,IMEDIA_TEST,IMD-GOJEK-2021072609392685667570988,48073,2022-03-06 04:34:50.497,A,30000,0.052
Mobifone,IMEDIA_TEST,IMD-TEST-2021072609451566570560035,48074,2022-03-06 04:34:50.497,A,30000,0.056
Vinaphone,IMEDIA_TEST,IMD-GOJEK-2021072609392693298523477,48075,2022-03-06 04:34:50.497,A,20000,0.052
Vinaphone,IMEDIA_TEST,IMD-GOJEK-2021072609392685667571000,48076,2022-03-06 04:34:50.497,A,30000,0.052
Vinaphone,IMEDIA_TEST,IMD-GOJEK-2021072609392693374593487,48077,2022-03-06 04:34:50.497,A,20000,0.052
Mobifone,IMEDIA_TEST,IMD-TEST-2021072609451566642380041,48078,2022-03-06 04:34:50.497,A,30000,0.056
Mobifone,IMEDIA_TEST,IMD-GOJEK-2021072609392692500113068,48079,2022-03-06 04:34:50.497,A,20000,0.053
Vinaphone,IMEDIA_TEST,IMD-GOJEK-2021072609392685667571005,48080,2022-03-06 04:34:50.497,A,30000,0.052
Vinaphone,IMEDIA_TEST,IMD-GOJEK-2021072609392693374593510,48081,2022-03-06 04:34:50.497,A,20000,0.052
Mobifone,IMEDIA_TEST,IMD-TEST-2021072609451566642380042,48082,2022-03-06 04:34:50.497,A,30000,0.056
Vinaphone,IMEDIA_TEST,IMD-TEST-2021072609451575469951329,48083,2022-03-06 04:34:50.497,A,30000,0.052
Vinaphone,IMEDIA_TEST,IMD-GOJEK-2021072609392693374593540,48084,2022-03-06 04:34:50.497,A,20000,0.052
Mobifone,IMEDIA_TEST,IMD-TEST-2021072609451566718440043,48085,2022-03-06 04:34:50.497,A,30000,0.056
Vinaphone,IMEDIA_TEST,IMD-GOJEK-2021072609392693374593550,48086,2022-03-06 04:34:50.497,A,20000,0.052
Vinaphone,IMEDIA_TEST,IMD-TEST-2021072609451575469951332,48087,2022-03-06 04:34:50.497,A,30000,0.052
Mobifone,IMEDIA_TEST,IMD-TEST-2021072609451566718440044,48088,2022-03-06 04:34:50.497,A,30000,0.056
Vinaphone,IMEDIA_TEST,IMD-GOJEK-2021072609392693346403551,48089,2022-03-06 04:34:50.497,A,20000,0.052
Vinaphone,IMEDIA_TEST,IMD-TEST-2021072609451575446011340,48090,2022-03-06 04:34:50.497,A,30000,0.052
Vinaphone,IMEDIA_TEST,IMD-GOJEK-2021072609392693446403553,48091,2022-03-06 04:34:50.497,A,20000,0.052
Mobifone,IMEDIA_TEST,IMD-TEST-2021072609451566718440045,48092,2022-03-06 04:34:50.497,A,30000,0.056
Vinaphone,IMEDIA_TEST,IMD-TEST-2021072609451575546011361,48093,2022-03-06 04:34:50.497,A,30000,0.052
Vinaphone,IMEDIA_TEST,IMD-GOJEK-2021072609392693446403561,48094,2022-03-06 04:34:50.497,A,20000,0.052
Mobifone,IMEDIA_TEST,IMD-TEST-2021072609451566718440046,48095,2022-03-06 04:34:50.497,A,30000,0.056
Vinaphone,IMEDIA_TEST,IMD-GOJEK-2021072609392693446403570,48096,2022-03-06 04:34:50.497,A,20000,0.052
Vinaphone,IMEDIA_TEST,IMD-TEST-2021072609451575546011366,48097,2022-03-06 04:34:50.497,A,30000,0.052
Mobifone,IMEDIA_TEST,IMD-GOJEK-2021072609392692500113071,48098,2022-03-06 04:34:50.497,A,20000,0.053
Vinaphone,IMEDIA_TEST,IMD-GOJEK-2021072609392693446403583,48099,2022-03-06 04:34:50.497,A,20000,0.052
Mobifone,IMEDIA_TEST,IMD-TEST-2021072609451566798750048,48100,2022-03-06 04:34:50.497,A,30000,0.056
Vinaphone,IMEDIA_TEST,IMD-TEST-2021072609451575546011368,48101,2022-03-06 04:34:50.497,A,30000,0.052
Vinaphone,IMEDIA_TEST,IMD-GOJEK-2021072609392693446403586,48102,2022-03-06 04:34:50.497,A,20000,0.052
Mobifone,IMEDIA_TEST,IMD-TEST-2021072609451566898750053,48103,2022-03-06 04:34:50.497,A,30000,0.056
Vinaphone,IMEDIA_TEST,IMD-GOJEK-2021072609392693446403591,48104,2022-03-06 04:34:50.497,A,20000,0.052
Vinaphone,IMEDIA_TEST,IMD-TEST-2021072609451575546011373,48105,2022-03-06 04:34:50.497,A,30000,0.052
Mobifone,IMEDIA_TEST,IMD-TEST-2021072609451566974810055,48106,2022-03-06 04:34:50.497,A,30000,0.056
Vinaphone,IMEDIA_TEST,IMD-GOJEK-2021072609392693446403592,48107,2022-03-06 04:34:50.497,A,20000,0.052
Vinaphone,IMEDIA_TEST,IMD-TEST-2021072609451575546011384,48108,2022-03-06 04:34:50.497,A,30000,0.052
Mobifone,IMEDIA_TEST,IMD-TEST-2021072609451566974810056,48109,2022-03-06 04:34:50.497,A,30000,0.056
Vinaphone,IMEDIA_TEST,IMD-GOJEK-2021072609392693446403594,48110,2022-03-06 04:34:50.497,A,20000,0.052
Vinaphone,IMEDIA_TEST,IMD-TEST-2021072609451575546011387,48111,2022-03-06 04:34:50.497,A,30000,0.052
Vinaphone,IMEDIA_TEST,IMD-GOJEK-2021072609392693446403598,48112,2022-03-06 04:34:50.497,A,20000,0.052
Mobifone,IMEDIA_TEST,IMD-TEST-2021072609451566974810058,48113,2022-03-06 04:34:50.497,A,30000,0.056
Vinaphone,IMEDIA_TEST,IMD-TEST-2021072609451575626331390,48114,2022-03-06 04:34:50.497,A,30000,0.052
Vinaphone,IMEDIA_TEST,IMD-GOJEK-2021072609392693446403601,48115,2022-03-06 04:34:50.497,A,20000,0.052
Mobifone,IMEDIA_TEST,IMD-GOJEK-2021072609392692500113072,48116,2022-03-06 04:34:50.497,A,20000,0.053
Mobifone,IMEDIA_TEST,IMD-TEST-2021072609451566946630059,48117,2022-03-06 04:34:50.497,A,30000,0.056
Vinaphone,IMEDIA_TEST,IMD-GOJEK-2021072609392693446403605,48118,2022-03-06 04:34:50.497,A,20000,0.052
Vinaphone,IMEDIA_TEST,IMD-TEST-2021072609451575626331400,48119,2022-03-06 04:34:50.497,A,30000,0.052
Vinaphone,IMEDIA_TEST,IMD-GOJEK-2021072609392693446403606,48120,2022-03-06 04:34:50.497,A,20000,0.052
Mobifone,IMEDIA_TEST,IMD-TEST-2021072609451567046630060,48121,2022-03-06 04:34:50.497,A,30000,0.056
Vinaphone,IMEDIA_TEST,IMD-TEST-2021072609451575702391428,48122,2022-03-06 04:34:50.497,A,30000,0.052
Vinaphone,IMEDIA_TEST,IMD-GOJEK-2021072609392693602783690,48123,2022-03-06 04:34:50.497,A,20000,0.052
Mobifone,IMEDIA_TEST,IMD-TEST-2021072609451567046630061,48124,2022-03-06 04:34:50.497,A,30000,0.056
Vinaphone,IMEDIA_TEST,IMD-TEST-2021072609451575874201439,48125,2022-03-06 04:34:50.497,A,30000,0.052
Vinaphone,IMEDIA_TEST,IMD-GOJEK-2021072609392693778843730,48126,2022-03-06 04:34:50.497,A,20000,0.052
Mobifone,IMEDIA_TEST,IMD-TEST-2021072609451567122690064,48127,2022-03-06 04:34:50.497,A,30000,0.056
Vinaphone,IMEDIA_TEST,IMD-GOJEK-2021072609392693778843740,48128,2022-03-06 04:34:50.497,A,20000,0.052
Vinaphone,IMEDIA_TEST,IMD-TEST-2021072609451574413571030,48129,2022-03-06 04:34:50.497,A,30000,0.052
Mobifone,IMEDIA_TEST,IMD-TEST-2021072609451567122690068,48130,2022-03-06 04:34:50.497,A,30000,0.056
Vinaphone,IMEDIA_TEST,IMD-GOJEK-2021072609392693778843742,48131,2022-03-06 04:34:50.497,A,20000,0.052
Vinaphone,IMEDIA_TEST,IMD-TEST-2021072609451574589631061,48132,2022-03-06 04:34:50.497,A,30000,0.052
Mobifone,IMEDIA_TEST,IMD-TEST-2021072609451567203010070,48133,2022-03-06 04:34:50.497,A,30000,0.056
Vinaphone,IMEDIA_TEST,IMD-GOJEK-2021072609392693850653773,48134,2022-03-06 04:34:50.497,A,20000,0.052
Vinaphone,IMEDIA_TEST,IMD-TEST-2021072609451574589631062,48135,2022-03-06 04:34:50.497,A,30000,0.052
Vinaphone,IMEDIA_TEST,IMD-GOJEK-2021072609392693850653788,48136,2022-03-06 04:34:50.497,A,20000,0.052
Mobifone,IMEDIA_TEST,IMD-GOJEK-2021072609392692500113074,48137,2022-03-06 04:34:50.497,A,20000,0.053
Mobifone,IMEDIA_TEST,IMD-TEST-2021072609451567203010071,48138,2022-03-06 04:34:50.497,A,30000,0.056
Vinaphone,IMEDIA_TEST,IMD-TEST-2021072609451574589631065,48139,2022-03-06 04:34:50.497,A,30000,0.052
Vinaphone,IMEDIA_TEST,IMD-GOJEK-2021072609392693850653793,48140,2022-03-06 04:34:50.497,A,20000,0.052
Mobifone,IMEDIA_TEST,IMD-TEST-2021072609451567203010072,48141,2022-03-06 04:34:50.497,A,30000,0.056
Vinaphone,IMEDIA_TEST,IMD-TEST-2021072609451574589631072,48142,2022-03-06 04:34:50.497,A,30000,0.052
Vinaphone,IMEDIA_TEST,IMD-GOJEK-2021072609392693850653795,48143,2022-03-06 04:34:50.497,A,20000,0.052
Vinaphone,IMEDIA_TEST,IMD-GOJEK-2021072609392689437901980,48144,2022-03-06 04:34:50.497,A,20000,0.052
Mobifone,IMEDIA_TEST,IMD-TEST-2021072609451567203010075,48145,2022-03-06 04:34:50.497,A,30000,0.056
Vinaphone,IMEDIA_TEST,IMD-TEST-2021072609451574661441086,48146,2022-03-06 04:34:50.497,A,30000,0.052
Vinaphone,IMEDIA_TEST,IMD-GOJEK-2021072609392689437901987,48147,2022-03-06 04:34:50.497,A,20000,0.052
Mobifone,IMEDIA_TEST,IMD-TEST-2021072609451567379070078,48148,2022-03-06 04:34:50.497,A,30000,0.056
Vinaphone,IMEDIA_TEST,IMD-TEST-2021072609451574661441099,48149,2022-03-06 04:34:50.497,A,30000,0.052
Vinaphone,IMEDIA_TEST,IMD-GOJEK-2021072609392689437901999,48150,2022-03-06 04:34:50.497,A,20000,0.052
Mobifone,IMEDIA_TEST,IMD-TEST-2021072609451567379070080,48151,2022-03-06 04:34:50.497,A,30000,0.056
Vinaphone,IMEDIA_TEST,IMD-TEST-2021072609451574737511104,48152,2022-03-06 04:34:50.497,A,30000,0.052
Vinaphone,IMEDIA_TEST,IMD-GOJEK-2021072609392689513962012,48153,2022-03-06 04:34:50.497,A,20000,0.052
Mobifone,IMEDIA_TEST,IMD-TEST-2021072609451567450880081,48154,2022-03-06 04:34:50.497,A,30000,0.056
Vinaphone,IMEDIA_TEST,IMD-GOJEK-2021072609392689513962016,48155,2022-03-06 04:34:50.497,A,20000,0.052
Vinaphone,IMEDIA_TEST,IMD-TEST-2021072609451574737511125,48156,2022-03-06 04:34:50.497,A,30000,0.052
Vinaphone,IMEDIA_TEST,IMD-GOJEK-2021072609392689513962026,48157,2022-03-06 04:34:50.497,A,20000,0.052
Mobifone,IMEDIA_TEST,IMD-TEST-2021072609451567450880082,48158,2022-03-06 04:34:50.497,A,30000,0.056
Mobifone,IMEDIA_TEST,IMD-GOJEK-2021072609392692500113076,48159,2022-03-06 04:34:50.497,A,20000,0.053
Vinaphone,IMEDIA_TEST,IMD-TEST-2021072609451574817831136,48160,2022-03-06 04:34:50.497,A,30000,0.052
Vinaphone,IMEDIA_TEST,IMD-GOJEK-2021072609392689660252034,48161,2022-03-06 04:34:50.497,A,20000,0.052
Mobifone,IMEDIA_TEST,IMD-TEST-2021072609451567450880083,48162,2022-03-06 04:34:50.497,A,30000,0.056
Vinaphone,IMEDIA_TEST,IMD-TEST-2021072609451574817831161,48163,2022-03-06 04:34:50.497,A,30000,0.052
Vinaphone,IMEDIA_TEST,IMD-GOJEK-2021072609392689660252048,48164,2022-03-06 04:34:50.497,A,20000,0.052
Mobifone,IMEDIA_TEST,IMD-TEST-2021072609451567526950086,48165,2022-03-06 04:34:50.497,A,30000,0.056
Vinaphone,IMEDIA_TEST,IMD-GOJEK-2021072609392689660252049,48166,2022-03-06 04:34:50.497,A,20000,0.052
Vinaphone,IMEDIA_TEST,IMD-TEST-2021072609451574817831163,48167,2022-03-06 04:34:50.497,A,30000,0.052
Mobifone,IMEDIA_TEST,IMD-TEST-2021072609451567526950090,48168,2022-03-06 04:34:50.497,A,30000,0.056
Vinaphone,IMEDIA_TEST,IMD-GOJEK-2021072609392689660252051,48169,2022-03-06 04:34:50.497,A,20000,0.052
Vinaphone,IMEDIA_TEST,IMD-TEST-2021072609451574993881175,48170,2022-03-06 04:34:50.497,A,30000,0.052
Mobifone,IMEDIA_TEST,IMD-TEST-2021072609451567526950091,48171,2022-03-06 04:34:50.497,A,30000,0.056
Vinaphone,IMEDIA_TEST,IMD-GOJEK-2021072609392689708132077,48172,2022-03-06 04:34:50.497,A,20000,0.052
Vinaphone,IMEDIA_TEST,IMD-TEST-2021072609451574993881176,48173,2022-03-06 04:34:50.497,A,30000,0.052
Vinaphone,IMEDIA_TEST,IMD-GOJEK-2021072609392689808132080,48174,2022-03-06 04:34:50.497,A,20000,0.052
Mobifone,IMEDIA_TEST,IMD-TEST-2021072609451567607260095,48175,2022-03-06 04:34:50.497,A,30000,0.056
Vinaphone,IMEDIA_TEST,IMD-GOJEK-2021072609392689984192104,48176,2022-03-06 04:34:50.497,A,20000,0.052
Vinaphone,IMEDIA_TEST,IMD-TEST-2021072609451574993881177,48177,2022-03-06 04:34:50.497,A,30000,0.052
Mobifone,IMEDIA_TEST,IMD-GOJEK-2021072609392692500113077,48178,2022-03-06 04:34:50.497,A,20000,0.053
Mobifone,IMEDIA_TEST,IMD-TEST-2021072609451567607260097,48179,2022-03-06 04:34:50.497,A,30000,0.056
Vinaphone,IMEDIA_TEST,IMD-GOJEK-2021072609392687326631448,48180,2022-03-06 04:34:50.497,A,20000,0.052
Vinaphone,IMEDIA_TEST,IMD-TEST-2021072609451574993881184,48181,2022-03-06 04:34:50.497,A,30000,0.052
Mobifone,IMEDIA_TEST,IMD-TEST-2021072609451567607260098,48182,2022-03-06 04:34:50.497,A,30000,0.056
Vinaphone,IMEDIA_TEST,IMD-GOJEK-2021072609392687326631452,48183,2022-03-06 04:34:50.497,A,20000,0.052
Vinaphone,IMEDIA_TEST,IMD-TEST-2021072609451574993881189,48184,2022-03-06 04:34:50.497,A,30000,0.052
Mobifone,IMEDIA_TEST,IMD-TEST-2021072609451567607260100,48185,2022-03-06 04:34:50.497,A,30000,0.056
Vinaphone,IMEDIA_TEST,IMD-GOJEK-2021072609392687326631459,48186,2022-03-06 04:34:50.497,A,20000,0.052
Vinaphone,IMEDIA_TEST,IMD-TEST-2021072609451575065691198,48187,2022-03-06 04:34:50.497,A,30000,0.052
Mobifone,IMEDIA_TEST,IMD-TEST-2021072609451567783320101,48188,2022-03-06 04:34:50.497,A,30000,0.056
Vinaphone,IMEDIA_TEST,IMD-GOJEK-2021072609392687326631464,48189,2022-03-06 04:34:50.497,A,20000,0.052
Mobifone,IMEDIA_TEST,IMD-TEST-2021072617182273757210003,48190,2022-03-06 04:34:50.497,A,10000,0.053
Mobifone,IMEDIA_TEST,IMD-TEST-2021072617182273985400004,48191,2022-03-06 04:34:50.497,A,10000,0.053
Mobifone,IMEDIA_TEST,IMD-TEST-2021072617182274061460005,48192,2022-03-06 04:34:50.497,A,10000,0.053
Mobifone,IMEDIA_TEST,IMD-TEST-2021072617182274233270006,48193,2022-03-06 04:34:50.497,A,10000,0.056
Mobifone,IMEDIA_TEST,IMD-TEST-2021072617182274309340007,48194,2022-03-06 04:34:50.497,A,10000,0.056
Mobifone,IMEDIA_TEST,IMD-TEST-2021072617182274489650008,48195,2022-03-06 04:34:50.497,A,10000,0.056
Mobifone,IMEDIA_TEST,IMD-TEST-2021072617182274893900012,48196,2022-03-06 04:34:50.497,A,10000,0.053
Mobifone,IMEDIA_TEST,IMD-TEST-2021072617182274969960013,48197,2022-03-06 04:34:50.497,A,10000,0.053
Mobifone,IMEDIA_TEST,IMD-TEST-2021072617182275041780014,48198,2022-03-06 04:34:50.497,A,10000,0.053
Mobifone,IMEDIA_TEST,IMD-TEST-2021072617182275117840015,48199,2022-03-06 04:34:50.497,A,10000,0.053
Mobifone,IMEDIA_TEST,IMD-TEST-2021072617182275232180016,48200,2022-03-06 04:34:50.497,A,10000,0.053
Mobifone,IMEDIA_TEST,IMD-TEST-2021072617182275308240017,48201,2022-03-06 04:34:50.497,A,10000,0.053
Mobifone,IMEDIA_TEST,IMD-TEST-2021072617183659962570021,48202,2022-03-06 04:34:50.497,A,10000,0.053
Mobifone,IMEDIA_TEST,IMD-TEST-2021072617183659962570022,48203,2022-03-06 04:34:50.497,A,10000,0.053
Mobifone,IMEDIA_TEST,IMD-TEST-2021072617183659962570023,48204,2022-03-06 04:34:50.497,A,10000,0.053
Mobifone,IMEDIA_TEST,IMD-TEST-2021072617183659942880024,48205,2022-03-06 04:34:50.497,A,10000,0.056
Mobifone,IMEDIA_TEST,IMD-TEST-2021072617183660042880025,48206,2022-03-06 04:34:50.497,A,10000,0.056
Mobifone,IMEDIA_TEST,IMD-TEST-2021072617183660042880026,48207,2022-03-06 04:34:50.497,A,10000,0.056
Mobifone,IMEDIA_TEST,IMD-TEST-2021072617183660118950030,48208,2022-03-06 04:34:50.497,A,10000,0.053
Vinaphone,IMEDIA_TEST,IMD-TEST-2021072617361444780020003,48209,2022-03-06 04:34:50.497,A,10000,0.052
Vinaphone,IMEDIA_TEST,IMD-TEST-2021072617361444880020004,48210,2022-03-06 04:34:50.497,A,10000,0.052
Vinaphone,IMEDIA_TEST,IMD-TEST-2021072617361444880020005,48211,2022-03-06 04:34:50.497,A,10000,0.052
Vinaphone,IMEDIA_TEST,IMD-TEST-2021072617361444880020006,48212,2022-03-06 04:34:50.497,A,10000,0.055
Vinaphone,IMEDIA_TEST,IMD-TEST-2021072617361444956080007,48213,2022-03-06 04:34:50.497,A,10000,0.055
Vinaphone,IMEDIA_TEST,IMD-TEST-2021072617361444956080008,48214,2022-03-06 04:34:50.497,A,10000,0.055
Vinaphone,IMEDIA_TEST,IMD-TEST-2021072617361444927890012,48215,2022-03-06 04:34:50.497,A,10000,0.052
Vinaphone,IMEDIA_TEST,IMD-TEST-2021072617361445027890013,48216,2022-03-06 04:34:50.497,A,10000,0.052
Vinaphone,IMEDIA_TEST,IMD-TEST-2021072617361445027890014,48217,2022-03-06 04:34:50.497,A,10000,0.052
Vinaphone,IMEDIA_TEST,IMD-TEST-2021072617361445027890015,48218,2022-03-06 04:34:50.497,A,10000,0.052
Vinaphone,IMEDIA_TEST,IMD-TEST-2021072617361445184270021,48219,2022-03-06 04:34:50.497,A,10000,0.052
Vinaphone,IMEDIA_TEST,IMD-TEST-2021072617361445027890016,48220,2022-03-06 04:34:50.497,A,10000,0.052
Vinaphone,IMEDIA_TEST,IMD-TEST-2021072617361445027890017,48221,2022-03-06 04:34:50.497,A,10000,0.052
Vinaphone,IMEDIA_TEST,IMD-TEST-2021072617361445284270022,48222,2022-03-06 04:34:50.497,A,10000,0.052
Vinaphone,IMEDIA_TEST,IMD-TEST-2021072617361445284270023,48223,2022-03-06 04:34:50.497,A,10000,0.052
Vinaphone,IMEDIA_TEST,IMD-TEST-2021072617361445260330024,48224,2022-03-06 04:34:50.497,A,10000,0.055
Vinaphone,IMEDIA_TEST,IMD-TEST-2021072617361445360330025,48225,2022-03-06 04:34:50.497,A,10000,0.055
Vinaphone,IMEDIA_TEST,IMD-TEST-2021072617361445360330026,48226,2022-03-06 04:34:50.497,A,10000,0.055
Vinaphone,IMEDIA_TEST,IMD-TEST-2021072617361445432150030,48227,2022-03-06 04:34:50.497,A,10000,0.052
Vinaphone,IMEDIA_TEST,IMD-TEST-2021072617361445432150031,48228,2022-03-06 04:34:50.497,A,10000,0.052
Vinaphone,IMEDIA_TEST,IMD-TEST-2021072617361445432150032,48229,2022-03-06 04:34:50.497,A,10000,0.052
Vinaphone,IMEDIA_TEST,IMD-TEST-2021072617361445432150033,48230,2022-03-06 04:34:50.497,A,10000,0.052
Vinaphone,IMEDIA_TEST,IMD-TEST-2021072617361445432150034,48231,2022-03-06 04:34:50.497,A,10000,0.052
Vinaphone,IMEDIA_TEST,IMD-TEST-2021072617361445432150035,48232,2022-03-06 04:34:50.497,A,10000,0.052
Vinaphone,IMEDIA_TEST,IMD-TEST-2021072617361445508210039,48233,2022-03-06 04:34:50.497,A,10000,0.052
Vinaphone,IMEDIA_TEST,IMD-TEST-2021072617361445508210040,48234,2022-03-06 04:34:50.497,A,10000,0.052
Vinaphone,IMEDIA_TEST,IMD-TEST-2021072617361445508210041,48235,2022-03-06 04:34:50.497,A,10000,0.052
Vinaphone,IMEDIA_TEST,IMD-TEST-2021072617361445688520042,48236,2022-03-06 04:34:50.497,A,10000,0.055
Vinaphone,IMEDIA_TEST,IMD-TEST-2021072617361445688520043,48237,2022-03-06 04:34:50.497,A,10000,0.055
Vinaphone,IMEDIA_TEST,IMD-TEST-2021072617361445688520044,48238,2022-03-06 04:34:50.497,A,10000,0.055
Vinaphone,IMEDIA_TEST,IMD-TEST-2021072617361445764590048,48239,2022-03-06 04:34:50.497,A,10000,0.052
Vinaphone,IMEDIA_TEST,IMD-TEST-2021072617361445764590049,48240,2022-03-06 04:34:50.497,A,10000,0.052
Vinaphone,IMEDIA_TEST,IMD-TEST-2021072617361445764590050,48241,2022-03-06 04:34:50.497,A,10000,0.052
Vinaphone,IMEDIA_TEST,IMD-TEST-2021072617361445764590051,48242,2022-03-06 04:34:50.497,A,10000,0.052
Vinaphone,IMEDIA_TEST,IMD-TEST-2021072617361445764590052,48243,2022-03-06 04:34:50.497,A,10000,0.052
Vinaphone,IMEDIA_TEST,IMD-TEST-2021072617361445836400053,48244,2022-03-06 04:34:50.497,A,10000,0.052
Vinaphone,IMEDIA_TEST,IMD-TEST-2021072617361445836400057,48245,2022-03-06 04:34:50.497,A,10000,0.052
Vinaphone,IMEDIA_TEST,IMD-TEST-2021072617361445836400058,48246,2022-03-06 04:34:50.497,A,10000,0.052
Vinaphone,IMEDIA_TEST,IMD-TEST-2021072617361445912460059,48247,2022-03-06 04:34:50.497,A,10000,0.052
Vinaphone,IMEDIA_TEST,IMD-TEST-2021072617361445912460060,48248,2022-03-06 04:34:50.497,A,10000,0.055
Vinaphone,IMEDIA_TEST,IMD-TEST-2021072617361445912460061,48249,2022-03-06 04:34:50.497,A,10000,0.055
Vinaphone,IMEDIA_TEST,IMD-TEST-2021072617361445912460062,48250,2022-03-06 04:34:50.497,A,10000,0.055
Vinaphone,IMEDIA_TEST,IMD-TEST-2021072617361446092770066,48251,2022-03-06 04:34:50.497,A,10000,0.052
Vinaphone,IMEDIA_TEST,IMD-TEST-2021072617361446092770067,48252,2022-03-06 04:34:50.497,A,10000,0.052
Vinaphone,IMEDIA_TEST,IMD-TEST-2021072617361446092770068,48253,2022-03-06 04:34:50.497,A,10000,0.052
Vinaphone,IMEDIA_TEST,IMD-TEST-2021072617361446092770069,48254,2022-03-06 04:34:50.497,A,10000,0.052
Vinaphone,IMEDIA_TEST,IMD-TEST-2021072617361446068840070,48255,2022-03-06 04:34:50.497,A,10000,0.052
Vinaphone,IMEDIA_TEST,IMD-TEST-2021072617361446168840071,48256,2022-03-06 04:34:50.497,A,10000,0.052
Vinaphone,IMEDIA_TEST,IMD-TEST-2021072617361446168840075,48257,2022-03-06 04:34:50.497,A,10000,0.052
Vinaphone,IMEDIA_TEST,IMD-TEST-2021072617361446240650076,48258,2022-03-06 04:34:50.497,A,10000,0.052
Vinaphone,IMEDIA_TEST,IMD-TEST-2021072617361446240650077,48259,2022-03-06 04:34:50.497,A,10000,0.052
Vinaphone,IMEDIA_TEST,IMD-TEST-2021072617361446240650078,48260,2022-03-06 04:34:50.497,A,10000,0.055
Vinaphone,IMEDIA_TEST,IMD-TEST-2021072617361446240650079,48261,2022-03-06 04:34:50.497,A,10000,0.055
Vinaphone,IMEDIA_TEST,IMD-TEST-2021072617361446240650080,48262,2022-03-06 04:34:50.497,A,10000,0.055
Vinaphone,IMEDIA_TEST,IMD-TEST-2021072617361446316720084,48263,2022-03-06 04:34:50.497,A,10000,0.052
Vinaphone,IMEDIA_TEST,IMD-TEST-2021072617361446316720085,48264,2022-03-06 04:34:50.497,A,10000,0.052
Vinaphone,IMEDIA_TEST,IMD-TEST-2021072617361446458890086,48265,2022-03-06 04:34:50.497,A,10000,0.052
Vinaphone,IMEDIA_TEST,IMD-TEST-2021072617361446458890087,48266,2022-03-06 04:34:50.497,A,10000,0.052
Vinaphone,IMEDIA_TEST,IMD-TEST-2021072617361446458890088,48267,2022-03-06 04:34:50.497,A,10000,0.052
Vinaphone,IMEDIA_TEST,IMD-TEST-2021072617361446458890089,48268,2022-03-06 04:34:50.497,A,10000,0.052
Vinaphone,IMEDIA_TEST,IMD-TEST-2021072617361446534960093,48269,2022-03-06 04:34:50.497,A,10000,0.052
Vinaphone,IMEDIA_TEST,IMD-TEST-2021072617361446534960094,48270,2022-03-06 04:34:50.497,A,10000,0.052
Vinaphone,IMEDIA_TEST,IMD-TEST-2021072617361446534960095,48271,2022-03-06 04:34:50.497,A,10000,0.052
Vinaphone,IMEDIA_TEST,IMD-TEST-2021072617361446534960096,48272,2022-03-06 04:34:50.497,A,10000,0.055
Vinaphone,IMEDIA_TEST,IMD-TEST-2021072617361446534960097,48273,2022-03-06 04:34:50.497,A,10000,0.055
Vinaphone,IMEDIA_TEST,IMD-TEST-2021072617361446606770098,48274,2022-03-06 04:34:50.497,A,10000,0.055
Vinaphone,IMEDIA_TEST,IMD-TEST-2021072617445979934220148,48275,2022-03-06 04:34:50.497,A,10000,0.052
Vinaphone,IMEDIA_TEST,IMD-TEST-2021072617445980014530149,48276,2022-03-06 04:34:50.497,A,10000,0.052
Vinaphone,IMEDIA_TEST,IMD-TEST-2021072617445980014530150,48277,2022-03-06 04:34:50.497,A,10000,0.052
Vinaphone,IMEDIA_TEST,IMD-TEST-2021072617445980014530151,48278,2022-03-06 04:34:50.497,A,10000,0.052
Vinaphone,IMEDIA_TEST,IMD-TEST-2021072617445980014530152,48279,2022-03-06 04:34:50.497,A,10000,0.052
Vinaphone,IMEDIA_TEST,IMD-TEST-2021072617445980014530153,48280,2022-03-06 04:34:50.497,A,10000,0.052
Vinaphone,IMEDIA_TEST,IMD-TEST-2021072617445980190590157,48281,2022-03-06 04:34:50.497,A,10000,0.052
Vinaphone,IMEDIA_TEST,IMD-TEST-2021072617445980190590158,48282,2022-03-06 04:34:50.497,A,10000,0.052
Vinaphone,IMEDIA_TEST,IMD-TEST-2021072617445980190590159,48283,2022-03-06 04:34:50.497,A,10000,0.052
Vinaphone,IMEDIA_TEST,IMD-TEST-2021072617445980190590160,48284,2022-03-06 04:34:50.497,A,10000,0.055
Vinaphone,IMEDIA_TEST,IMD-TEST-2021072617445980190590161,48285,2022-03-06 04:34:50.497,A,10000,0.055
Vinaphone,IMEDIA_TEST,IMD-TEST-2021072617445980262400162,48286,2022-03-06 04:34:50.497,A,10000,0.055
Vinaphone,IMEDIA_TEST,IMD-TEST-2021072617445980262400166,48287,2022-03-06 04:34:50.497,A,10000,0.052
Vinaphone,IMEDIA_TEST,IMD-TEST-2021072617445980262400167,48288,2022-03-06 04:34:50.497,A,10000,0.052
Vinaphone,IMEDIA_TEST,IMD-TEST-2021072617445980262400168,48289,2022-03-06 04:34:50.497,A,10000,0.052
Vinaphone,IMEDIA_TEST,IMD-TEST-2021072617445980338470169,48290,2022-03-06 04:34:50.497,A,10000,0.052
Vinaphone,IMEDIA_TEST,IMD-TEST-2021072617445980338470170,48291,2022-03-06 04:34:50.497,A,10000,0.052
Vinaphone,IMEDIA_TEST,IMD-TEST-2021072617445980338470171,48292,2022-03-06 04:34:50.497,A,10000,0.052
Vinaphone,IMEDIA_TEST,IMD-TEST-2021072617445980338470175,48293,2022-03-06 04:34:50.497,A,10000,0.052
Vinaphone,IMEDIA_TEST,IMD-TEST-2021072617445980318790176,48294,2022-03-06 04:34:50.497,A,10000,0.052
Vinaphone,IMEDIA_TEST,IMD-TEST-2021072617445980418790177,48295,2022-03-06 04:34:50.497,A,10000,0.052
Vinaphone,IMEDIA_TEST,IMD-TEST-2021072617445980418790178,48296,2022-03-06 04:34:50.497,A,10000,0.055
Vinaphone,IMEDIA_TEST,IMD-TEST-2021072617445980418790179,48297,2022-03-06 04:34:50.497,A,10000,0.055
Vinaphone,IMEDIA_TEST,IMD-TEST-2021072617445980418790180,48298,2022-03-06 04:34:50.497,A,10000,0.055
Vinaphone,IMEDIA_TEST,IMD-TEST-2021072617445980594840184,48299,2022-03-06 04:34:50.497,A,10000,0.052
Vinaphone,IMEDIA_TEST,IMD-TEST-2021072617445980594840185,48300,2022-03-06 04:34:50.497,A,10000,0.052
Vinaphone,IMEDIA_TEST,IMD-TEST-2021072617445980594840186,48301,2022-03-06 04:34:50.497,A,10000,0.052
Vinaphone,IMEDIA_TEST,IMD-TEST-2021072617445980594840187,48302,2022-03-06 04:34:50.497,A,10000,0.052
Vinaphone,IMEDIA_TEST,IMD-TEST-2021072617445980594840188,48303,2022-03-06 04:34:50.497,A,10000,0.052
Vinaphone,IMEDIA_TEST,IMD-TEST-2021072617445980594840189,48304,2022-03-06 04:34:50.497,A,10000,0.052
Vinaphone,IMEDIA_TEST,IMD-TEST-2021072617445980666650193,48305,2022-03-06 04:34:50.497,A,10000,0.052
Vinaphone,IMEDIA_TEST,IMD-TEST-2021072617445980666650194,48306,2022-03-06 04:34:50.497,A,10000,0.052
Vinaphone,IMEDIA_TEST,IMD-TEST-2021072617445980666650195,48307,2022-03-06 04:34:50.497,A,10000,0.052
Vinaphone,IMEDIA_TEST,IMD-TEST-2021072617445980666650196,48308,2022-03-06 04:34:50.497,A,10000,0.055
Vinaphone,IMEDIA_TEST,IMD-TEST-2021072617445980666650197,48309,2022-03-06 04:34:50.497,A,10000,0.055
Vinaphone,IMEDIA_TEST,IMD-TEST-2021072617464713304880003,48310,2022-03-06 04:34:50.497,A,10000,0.052
Vinaphone,IMEDIA_TEST,IMD-TEST-2021072617464713304880004,48311,2022-03-06 04:34:50.497,A,10000,0.052
Vinaphone,IMEDIA_TEST,IMD-TEST-2021072617464713304880005,48312,2022-03-06 04:34:50.497,A,10000,0.052
Vinaphone,IMEDIA_TEST,IMD-TEST-2021072617464713476680006,48313,2022-03-06 04:34:50.497,A,10000,0.055
Vinaphone,IMEDIA_TEST,IMD-TEST-2021072617464713476680007,48314,2022-03-06 04:34:50.497,A,10000,0.055
Vinaphone,IMEDIA_TEST,IMD-TEST-2021072617464713476680008,48315,2022-03-06 04:34:50.497,A,10000,0.055
Vinaphone,IMEDIA_TEST,IMD-TEST-2021072617464713991010012,48316,2022-03-06 04:34:50.497,A,10000,0.052
Vinaphone,IMEDIA_TEST,IMD-TEST-2021072617464713991010013,48317,2022-03-06 04:34:50.497,A,10000,0.052
Vinaphone,IMEDIA_TEST,IMD-TEST-2021072617464713991010014,48318,2022-03-06 04:34:50.497,A,10000,0.052
Vinaphone,IMEDIA_TEST,IMD-TEST-2021072617464714071330015,48319,2022-03-06 04:34:50.497,A,10000,0.052
Vinaphone,IMEDIA_TEST,IMD-TEST-2021072617464714071330016,48320,2022-03-06 04:34:50.497,A,10000,0.052
Vinaphone,IMEDIA_TEST,IMD-TEST-2021072617464714071330017,48321,2022-03-06 04:34:50.497,A,10000,0.052
Vinaphone,IMEDIA_TEST,IMD-TEST-2021072617464714147400021,48322,2022-03-06 04:34:50.497,A,10000,0.052
Vinaphone,IMEDIA_TEST,IMD-TEST-2021072617464714147400022,48323,2022-03-06 04:34:50.497,A,10000,0.052
Vinaphone,IMEDIA_TEST,IMD-TEST-2021072617464714147400023,48324,2022-03-06 04:34:50.497,A,10000,0.052
Vinaphone,IMEDIA_TEST,IMD-TEST-2021072617464714219210024,48325,2022-03-06 04:34:50.497,A,10000,0.055
Vinaphone,IMEDIA_TEST,IMD-TEST-2021072617464714219210025,48326,2022-03-06 04:34:50.497,A,10000,0.055
Vinaphone,IMEDIA_TEST,IMD-TEST-2021072617464714219210026,48327,2022-03-06 04:34:50.497,A,10000,0.055
Vinaphone,IMEDIA_TEST,IMD-TEST-2021072617464714395270030,48328,2022-03-06 04:34:50.497,A,10000,0.052
DataVNP,partner_sb,1632825787687,48330,2022-03-06 04:34:50.497,A,13000,0.0
DataVNP,partner_sb,1632825864292,48331,2022-03-06 04:34:50.497,A,13000,0.0
DataVNP,partner_sb,1632825936172,48332,2022-03-06 04:34:50.497,A,13000,0.0
DataVNP,partner_sb,1632826162325,48333,2022-03-06 04:34:50.497,A,13000,0.0
DataVNP,partner_sb,1632827294886,48334,2022-03-06 04:34:50.497,P,13000,0.0
DataVNP,partner_sb,1632829037847,48335,2022-03-06 04:34:50.497,P,13000,0.0
Viettel,vimo,IMD-TEST-2021083018190362203880851,48368,2022-03-06 04:34:50.497,P,50000,0.035
Viettel,vimo,IMD-TEST-2021083018190362203880852,48369,2022-03-06 04:34:50.497,P,50000,0.035
Viettel,vimo,IMD-TEST-2021083018190362203880853,48370,2022-03-06 04:34:50.497,P,50000,0.035
Viettel,vimo,IMD-TEST-2021083018190362203880854,48371,2022-03-06 04:34:50.497,P,50000,0.035
Viettel,vimo,IMD-TEST-2021083018190362203880855,48372,2022-03-06 04:34:50.497,P,50000,0.035
Viettel,vimo,IMD-TEST-2021083018190362203880856,48373,2022-03-06 04:34:50.497,P,50000,0.035
Viettel,vimo,IMD-TEST-2021083018190362203880857,48374,2022-03-06 04:34:50.497,P,50000,0.035
Viettel,vimo,IMD-TEST-2021083018190362203880858,48375,2022-03-06 04:34:50.497,P,50000,0.035
Viettel,vimo,IMD-TEST-2021083018190362203880859,48376,2022-03-06 04:34:50.497,P,50000,0.035
Viettel,vimo,IMD-TEST-2021083018190362203880860,48377,2022-03-06 04:34:50.497,P,50000,0.035
Viettel,vimo,IMD-TEST-2021083018190362203880861,48378,2022-03-06 04:34:50.497,P,50000,0.035
Viettel,vimo,IMD-TEST-2021083018190362379940862,48379,2022-03-06 04:34:50.497,P,50000,0.035
Viettel,vimo,IMD-TEST-2021083018190362379940863,48380,2022-03-06 04:34:50.497,P,50000,0.035
Viettel,vimo,IMD-TEST-2021083018190362379940864,48381,2022-03-06 04:34:50.497,P,50000,0.035
Viettel,vimo,IMD-TEST-2021083018190362379940865,48382,2022-03-06 04:34:50.497,P,50000,0.035
Viettel,vimo,IMD-TEST-2021083018190362379940866,48383,2022-03-06 04:34:50.497,P,50000,0.035
Viettel,vimo,IMD-TEST-2021083018190362379940867,48384,2022-03-06 04:34:50.497,P,50000,0.035
Viettel,vimo,IMD-TEST-2021083018190362379940868,48385,2022-03-06 04:34:50.497,P,50000,0.035
Viettel,vimo,IMD-TEST-2021083018190362379940869,48386,2022-03-06 04:34:50.497,P,50000,0.035
Mobifone,vimo,IMD-TEST-2021083018190353680900000,48387,2022-03-06 04:34:50.497,P,50000,0.053
Mobifone,vimo,IMD-TEST-2021083018190353780900001,48388,2022-03-06 04:34:50.497,P,50000,0.053
Mobifone,vimo,IMD-TEST-2021083018190353752710002,48389,2022-03-06 04:34:50.497,P,50000,0.053
Mobifone,vimo,IMD-TEST-2021083018190353852710003,48390,2022-03-06 04:34:50.497,P,50000,0.053
Mobifone,vimo,IMD-TEST-2021083018190353852710004,48391,2022-03-06 04:34:50.497,P,50000,0.053
Mobifone,vimo,IMD-TEST-2021083018190354256960020,48392,2022-03-06 04:34:50.497,P,50000,0.053
Mobifone,vimo,IMD-TEST-2021083018190353828780005,48393,2022-03-06 04:34:50.497,P,50000,0.053
Mobifone,vimo,IMD-TEST-2021083018190353928780006,48394,2022-03-06 04:34:50.497,P,50000,0.053
Mobifone,vimo,IMD-TEST-2021083018190353928780007,48395,2022-03-06 04:34:50.497,P,50000,0.053
Mobifone,vimo,IMD-TEST-2021083018190353928780008,48396,2022-03-06 04:34:50.497,P,50000,0.053
Mobifone,vimo,IMD-TEST-2021083018190354256960021,48397,2022-03-06 04:34:50.497,P,50000,0.053
Mobifone,vimo,IMD-TEST-2021083018190353928780009,48398,2022-03-06 04:34:50.497,P,50000,0.053
Mobifone,vimo,IMD-TEST-2021083018190353909090010,48399,2022-03-06 04:34:50.497,P,50000,0.053
Mobifone,vimo,IMD-TEST-2021083018190354256960022,48400,2022-03-06 04:34:50.497,P,50000,0.053
Mobifone,vimo,IMD-TEST-2021083018190354009090012,48401,2022-03-06 04:34:50.497,P,50000,0.053
Mobifone,vimo,IMD-TEST-2021083018190354085150013,48402,2022-03-06 04:34:50.497,P,50000,0.053
Mobifone,vimo,IMD-TEST-2021083018190354185150014,48403,2022-03-06 04:34:50.497,P,50000,0.053
Mobifone,vimo,IMD-TEST-2021083018190354256960023,48404,2022-03-06 04:34:50.497,P,50000,0.053
Mobifone,vimo,IMD-TEST-2021083018190354185150017,48405,2022-03-06 04:34:50.497,P,50000,0.053
Mobifone,vimo,IMD-TEST-2021083018190354256960018,48406,2022-03-06 04:34:50.497,P,50000,0.053
Mobifone,vimo,IMD-TEST-2021083018190354256960019,48407,2022-03-06 04:34:50.497,P,50000,0.053
Mobifone,vimo,IMD-TEST-2021083018190355764030112,48408,2022-03-06 04:34:50.497,P,50000,0.053
Viettel,vimo,IMD-TEST-2021083018190355764030113,48409,2022-03-06 04:34:50.497,A,50000,0.035
Viettel,vimo,IMD-TEST-2021083018190355764030114,48410,2022-03-06 04:34:50.497,A,50000,0.035
Viettel,vimo,IMD-TEST-2021083018190355764030115,48411,2022-03-06 04:34:50.497,A,50000,0.035
Viettel,vimo,IMD-TEST-2021083018190355764030116,48412,2022-03-06 04:34:50.497,A,50000,0.035
Viettel,vimo,IMD-TEST-2021083018190355835840117,48413,2022-03-06 04:34:50.497,A,50000,0.035
Viettel,vimo,IMD-TEST-2021083018190355835840118,48414,2022-03-06 04:34:50.497,A,50000,0.035
Viettel,vimo,IMD-TEST-2021083018190355835840119,48415,2022-03-06 04:34:50.497,A,50000,0.035
Viettel,vimo,IMD-TEST-2021083018190355835840120,48416,2022-03-06 04:34:50.497,A,50000,0.035
Viettel,vimo,IMD-TEST-2021083018190355835840121,48417,2022-03-06 04:34:50.497,A,50000,0.035
Viettel,vimo,IMD-TEST-2021083018190355835840122,48418,2022-03-06 04:34:50.497,A,50000,0.035
Viettel,vimo,IMD-TEST-2021083018190355811910123,48419,2022-03-06 04:34:50.497,A,50000,0.035
Viettel,vimo,IMD-TEST-2021083018190355911910124,48420,2022-03-06 04:34:50.497,A,50000,0.035
Viettel,vimo,IMD-TEST-2021083018190355911910125,48421,2022-03-06 04:34:50.497,A,50000,0.035
Viettel,vimo,IMD-TEST-2021083018190355911910127,48422,2022-03-06 04:34:50.497,A,50000,0.035
Viettel,vimo,IMD-TEST-2021083018190356092210128,48423,2022-03-06 04:34:50.497,A,50000,0.035
Viettel,vimo,IMD-TEST-2021083018190356092210129,48424,2022-03-06 04:34:50.497,A,50000,0.035
Viettel,vimo,IMD-TEST-2021083018190356092210130,48425,2022-03-06 04:34:50.497,A,50000,0.035
Viettel,vimo,IMD-TEST-2021083018190356092210131,48426,2022-03-06 04:34:50.497,A,50000,0.035
Viettel,vimo,IMD-TEST-2021083018190356092210132,48427,2022-03-06 04:34:50.497,A,50000,0.035
Viettel,vimo,IMD-TEST-2021083018190356068280133,48428,2022-03-06 04:34:50.497,A,50000,0.035
Viettel,vimo,IMD-TEST-2021083018190356168280136,48429,2022-03-06 04:34:50.497,A,50000,0.035
Viettel,vimo,IMD-TEST-2021083018190356240090140,48430,2022-03-06 04:34:50.497,A,50000,0.035
Viettel,vimo,IMD-TEST-2021083018190356168280137,48431,2022-03-06 04:34:50.497,A,50000,0.035
Viettel,vimo,IMD-TEST-2021083018190356168280138,48432,2022-03-06 04:34:50.497,A,50000,0.035
Viettel,vimo,IMD-TEST-2021083018190356168280139,48433,2022-03-06 04:34:50.497,A,50000,0.035
Viettel,vimo,IMD-TEST-2021083018190356240090141,48434,2022-03-06 04:34:50.497,A,50000,0.035
Viettel,vimo,IMD-TEST-2021083018190356240090142,48435,2022-03-06 04:34:50.497,A,50000,0.035
Viettel,vimo,IMD-TEST-2021083018190356240090143,48436,2022-03-06 04:34:50.497,A,50000,0.035
Viettel,vimo,IMD-TEST-2021083018190356240090144,48437,2022-03-06 04:34:50.497,A,50000,0.035
Viettel,vimo,IMD-TEST-2021083018190356240090145,48438,2022-03-06 04:34:50.497,A,50000,0.035
Viettel,vimo,IMD-TEST-2021083018190356240090146,48439,2022-03-06 04:34:50.497,A,50000,0.035
Viettel,vimo,IMD-TEST-2021083018190356216160147,48440,2022-03-06 04:34:50.497,A,50000,0.035
Viettel,vimo,IMD-TEST-2021083018190356316160148,48441,2022-03-06 04:34:50.497,A,50000,0.035
Viettel,vimo,IMD-TEST-2021083018190356316160149,48442,2022-03-06 04:34:50.497,A,50000,0.035
Viettel,vimo,IMD-TEST-2021083018190356316160150,48443,2022-03-06 04:34:50.497,A,50000,0.035
Viettel,vimo,IMD-TEST-2021083018190356316160151,48444,2022-03-06 04:34:50.497,A,50000,0.035
Viettel,vimo,IMD-TEST-2021083018190356316160152,48445,2022-03-06 04:34:50.497,A,50000,0.035
Viettel,vimo,IMD-TEST-2021083018190356316160153,48446,2022-03-06 04:34:50.497,A,50000,0.035
Viettel,vimo,IMD-TEST-2021083018190356316160154,48447,2022-03-06 04:34:50.497,A,50000,0.035
Viettel,vimo,IMD-TEST-2021083018190356496460155,48448,2022-03-06 04:34:50.497,A,50000,0.035
Viettel,vimo,IMD-TEST-2021083018190356496460156,48449,2022-03-06 04:34:50.497,A,50000,0.035
Viettel,vimo,IMD-TEST-2021083018190356496460157,48450,2022-03-06 04:34:50.497,A,50000,0.035
Viettel,vimo,IMD-TEST-2021083018190356496460158,48451,2022-03-06 04:34:50.497,A,50000,0.035
Viettel,vimo,IMD-TEST-2021083018190356496460159,48452,2022-03-06 04:34:50.497,A,50000,0.035
Viettel,vimo,IMD-TEST-2021083018190356496460160,48453,2022-03-06 04:34:50.497,A,50000,0.035
Viettel,vimo,IMD-TEST-2021083018190356496460161,48454,2022-03-06 04:34:50.497,A,50000,0.035
Viettel,vimo,IMD-TEST-2021083018190356496460162,48455,2022-03-06 04:34:50.497,A,50000,0.035
Viettel,vimo,IMD-TEST-2021083018190356572530163,48456,2022-03-06 04:34:50.497,A,50000,0.035
Viettel,vimo,IMD-TEST-2021083018190356572530164,48457,2022-03-06 04:34:50.497,A,50000,0.035
Viettel,vimo,IMD-TEST-2021083018190356572530165,48458,2022-03-06 04:34:50.497,A,50000,0.035
Viettel,vimo,IMD-TEST-2021083018190356572530166,48459,2022-03-06 04:34:50.497,A,50000,0.035
Viettel,vimo,IMD-TEST-2021083018190356572530167,48460,2022-03-06 04:34:50.497,A,50000,0.035
Viettel,vimo,IMD-TEST-2021083018190356572530168,48461,2022-03-06 04:34:50.497,A,50000,0.035
Viettel,vimo,IMD-TEST-2021083018190356572530169,48462,2022-03-06 04:34:50.497,A,50000,0.035
Viettel,vimo,IMD-TEST-2021083018190356644340170,48463,2022-03-06 04:34:50.497,A,50000,0.035
Viettel,vimo,IMD-TEST-2021083018190356644340171,48464,2022-03-06 04:34:50.497,A,50000,0.035
Viettel,vimo,IMD-TEST-2021083018190356644340172,48465,2022-03-06 04:34:50.497,A,50000,0.035
Viettel,vimo,IMD-TEST-2021083018190356644340173,48466,2022-03-06 04:34:50.497,A,50000,0.035
Viettel,vimo,IMD-TEST-2021083018190356644340174,48467,2022-03-06 04:34:50.497,A,50000,0.035
Viettel,vimo,IMD-TEST-2021083018190356644340175,48468,2022-03-06 04:34:50.497,A,50000,0.035
Viettel,vimo,IMD-TEST-2021083018190356644340176,48469,2022-03-06 04:34:50.497,A,50000,0.035
Viettel,vimo,IMD-TEST-2021083018190356620410177,48470,2022-03-06 04:34:50.497,A,50000,0.035
Viettel,vimo,IMD-TEST-2021083018190356720410178,48471,2022-03-06 04:34:50.497,A,50000,0.035
Viettel,vimo,IMD-TEST-2021083018190356720410179,48472,2022-03-06 04:34:50.497,A,50000,0.035
Viettel,vimo,IMD-TEST-2021083018190356720410180,48473,2022-03-06 04:34:50.497,A,50000,0.035
Viettel,vimo,IMD-TEST-2021083018190356720410181,48474,2022-03-06 04:34:50.497,A,50000,0.035
Viettel,vimo,IMD-TEST-2021083018190356720410182,48475,2022-03-06 04:34:50.497,A,50000,0.035
Viettel,vimo,IMD-TEST-2021083018190356720410183,48476,2022-03-06 04:34:50.497,A,50000,0.035
Viettel,vimo,IMD-TEST-2021083018190356766700184,48477,2022-03-06 04:34:50.497,A,50000,0.035
Viettel,vimo,IMD-TEST-2021083018190356866700185,48478,2022-03-06 04:34:50.497,A,50000,0.035
Viettel,vimo,IMD-TEST-2021083018190356866700186,48479,2022-03-06 04:34:50.497,A,50000,0.035
Viettel,vimo,IMD-TEST-2021083018190356866700187,48480,2022-03-06 04:34:50.497,A,50000,0.035
Viettel,vimo,IMD-TEST-2021083018190356866700188,48481,2022-03-06 04:34:50.497,A,50000,0.035
Viettel,vimo,IMD-TEST-2021083018190356866700189,48482,2022-03-06 04:34:50.497,A,50000,0.035
Viettel,vimo,IMD-TEST-2021083018190356866700190,48483,2022-03-06 04:34:50.497,A,50000,0.035
Viettel,vimo,IMD-TEST-2021083018190356842770191,48484,2022-03-06 04:34:50.497,A,50000,0.035
Viettel,vimo,IMD-TEST-2021083018190356942770192,48485,2022-03-06 04:34:50.497,A,50000,0.035
Viettel,vimo,IMD-TEST-2021083018190356942770193,48486,2022-03-06 04:34:50.497,A,50000,0.035
Viettel,vimo,IMD-TEST-2021083018190356942770194,48487,2022-03-06 04:34:50.497,A,50000,0.035
Viettel,vimo,IMD-TEST-2021083018190356942770195,48488,2022-03-06 04:34:50.497,A,50000,0.035
Viettel,vimo,IMD-TEST-2021083018190356942770196,48489,2022-03-06 04:34:50.497,A,50000,0.035
Viettel,vimo,IMD-TEST-2021083018190356942770197,48490,2022-03-06 04:34:50.497,A,50000,0.035
Viettel,vimo,IMD-TEST-2021083018190356942770198,48491,2022-03-06 04:34:50.497,A,50000,0.035
Viettel,vimo,IMD-TEST-2021083018190357014580199,48492,2022-03-06 04:34:50.497,A,50000,0.035
Viettel,vimo,IMD-TEST-2021083018190357014580200,48493,2022-03-06 04:34:50.497,A,50000,0.035
Viettel,vimo,IMD-TEST-2021083018190357014580201,48494,2022-03-06 04:34:50.497,A,50000,0.035
Viettel,vimo,IMD-TEST-2021083018190357014580202,48495,2022-03-06 04:34:50.497,A,50000,0.035
Viettel,vimo,IMD-TEST-2021083018190357014580203,48496,2022-03-06 04:34:50.497,A,50000,0.035
Viettel,vimo,IMD-TEST-2021083018190357014580204,48497,2022-03-06 04:34:50.497,A,50000,0.035
Viettel,vimo,IMD-TEST-2021083018190357014580205,48498,2022-03-06 04:34:50.497,A,50000,0.035
Viettel,vimo,IMD-TEST-2021083018190357014580206,48499,2022-03-06 04:34:50.497,A,50000,0.035
Viettel,vimo,IMD-TEST-2021083018190357014580207,48500,2022-03-06 04:34:50.497,A,50000,0.035
Viettel,vimo,IMD-TEST-2021083018190357190640208,48501,2022-03-06 04:34:50.497,A,50000,0.035
Viettel,vimo,IMD-TEST-2021083018190357190640209,48502,2022-03-06 04:34:50.497,A,50000,0.035
Viettel,vimo,IMD-TEST-2021083018190357190640210,48503,2022-03-06 04:34:50.497,A,50000,0.035
Viettel,vimo,IMD-TEST-2021083018190357190640211,48504,2022-03-06 04:34:50.497,A,50000,0.035
Viettel,vimo,IMD-TEST-2021083018190357190640212,48505,2022-03-06 04:34:50.497,A,50000,0.035
Viettel,vimo,IMD-TEST-2021083018190357190640213,48506,2022-03-06 04:34:50.497,A,50000,0.035
Viettel,vimo,IMD-TEST-2021083018190357190640214,48507,2022-03-06 04:34:50.497,A,50000,0.035
Viettel,vimo,IMD-TEST-2021083018190357270950215,48508,2022-03-06 04:34:50.497,A,50000,0.035
Viettel,vimo,IMD-TEST-2021083018190357270950216,48509,2022-03-06 04:34:50.497,A,50000,0.035
Viettel,vimo,IMD-TEST-2021083018190357270950217,48510,2022-03-06 04:34:50.497,A,50000,0.035
Viettel,vimo,IMD-TEST-2021083018190357270950218,48511,2022-03-06 04:34:50.497,A,50000,0.035
Viettel,vimo,IMD-TEST-2021083018190357270950219,48512,2022-03-06 04:34:50.497,A,50000,0.035
Viettel,vimo,IMD-TEST-2021083018190357270950220,48513,2022-03-06 04:34:50.497,A,50000,0.035
Viettel,vimo,IMD-TEST-2021083018190357270950221,48514,2022-03-06 04:34:50.497,A,50000,0.035
Viettel,vimo,IMD-TEST-2021083018190357270950222,48515,2022-03-06 04:34:50.497,A,50000,0.035
Viettel,vimo,IMD-TEST-2021083018190357347020223,48516,2022-03-06 04:34:50.497,A,50000,0.035
Viettel,vimo,IMD-TEST-2021083018190357347020224,48517,2022-03-06 04:34:50.497,A,50000,0.035
Viettel,vimo,IMD-TEST-2021083018190357347020225,48518,2022-03-06 04:34:50.497,A,50000,0.035
Viettel,vimo,IMD-TEST-2021083018190357347020226,48519,2022-03-06 04:34:50.497,A,50000,0.035
Viettel,vimo,IMD-TEST-2021083018190357347020227,48520,2022-03-06 04:34:50.497,A,50000,0.035
Viettel,vimo,IMD-TEST-2021083018190357347020228,48521,2022-03-06 04:34:50.497,A,50000,0.035
Viettel,vimo,IMD-TEST-2021083018190357347020229,48522,2022-03-06 04:34:50.497,A,50000,0.035
Viettel,vimo,IMD-TEST-2021083018190357347020230,48523,2022-03-06 04:34:50.497,A,50000,0.035
Viettel,vimo,IMD-TEST-2021083018190357418830231,48524,2022-03-06 04:34:50.497,A,50000,0.035
Viettel,vimo,IMD-TEST-2021083018190357418830232,48525,2022-03-06 04:34:50.497,A,50000,0.035
Viettel,vimo,IMD-TEST-2021083018190357418830233,48526,2022-03-06 04:34:50.497,A,50000,0.035
Viettel,vimo,IMD-TEST-2021083018190357418830234,48527,2022-03-06 04:34:50.497,A,50000,0.035
Viettel,vimo,IMD-TEST-2021083018190357418830235,48528,2022-03-06 04:34:50.497,A,50000,0.035
Viettel,vimo,IMD-TEST-2021083018190357418830236,48529,2022-03-06 04:34:50.497,A,50000,0.035
Viettel,vimo,IMD-TEST-2021083018190357418830237,48530,2022-03-06 04:34:50.497,A,50000,0.035
Viettel,vimo,IMD-TEST-2021083018190357418830238,48531,2022-03-06 04:34:50.497,A,50000,0.035
Viettel,vimo,IMD-TEST-2021083018190357418830239,48532,2022-03-06 04:34:50.497,A,50000,0.035
Viettel,vimo,IMD-TEST-2021083018190357494890240,48533,2022-03-06 04:34:50.497,A,50000,0.035
Viettel,vimo,IMD-TEST-2021083018190357594890241,48534,2022-03-06 04:34:50.497,A,50000,0.035
Viettel,vimo,IMD-TEST-2021083018190357594890242,48535,2022-03-06 04:34:50.497,A,50000,0.035
Viettel,vimo,IMD-TEST-2021083018190357594890243,48536,2022-03-06 04:34:50.497,A,50000,0.035
Viettel,vimo,IMD-TEST-2021083018190357594890244,48537,2022-03-06 04:34:50.497,A,50000,0.035
Viettel,vimo,IMD-TEST-2021083018190357594890245,48538,2022-03-06 04:34:50.497,A,50000,0.035
Viettel,vimo,IMD-TEST-2021083018190357594890246,48539,2022-03-06 04:34:50.497,A,50000,0.035
Viettel,vimo,IMD-TEST-2021083018190357594890247,48540,2022-03-06 04:34:50.497,A,50000,0.035
Viettel,vimo,IMD-TEST-2021083018190357594890248,48541,2022-03-06 04:34:50.497,A,50000,0.035
Viettel,vimo,IMD-TEST-2021083018190357675200249,48542,2022-03-06 04:34:50.497,A,50000,0.035
Viettel,vimo,IMD-TEST-2021083018190357675200250,48543,2022-03-06 04:34:50.497,A,50000,0.035
Viettel,vimo,IMD-TEST-2021083018190357675200251,48544,2022-03-06 04:34:50.497,A,50000,0.035
Viettel,vimo,IMD-TEST-2021083018190357675200252,48545,2022-03-06 04:34:50.497,A,50000,0.035
Viettel,vimo,IMD-TEST-2021083018190357675200253,48546,2022-03-06 04:34:50.497,A,50000,0.035
Viettel,vimo,IMD-TEST-2021083018190357675200254,48547,2022-03-06 04:34:50.497,A,50000,0.035
Viettel,vimo,IMD-TEST-2021083018190357675200255,48548,2022-03-06 04:34:50.497,A,50000,0.035
Viettel,vimo,IMD-TEST-2021083018190357751270256,48549,2022-03-06 04:34:50.497,A,50000,0.035
Viettel,vimo,IMD-TEST-2021083018190357751270257,48550,2022-03-06 04:34:50.497,A,50000,0.035
Viettel,vimo,IMD-TEST-2021083018190357751270258,48551,2022-03-06 04:34:50.497,A,50000,0.035
Viettel,vimo,IMD-TEST-2021083018190357751270259,48552,2022-03-06 04:34:50.497,A,50000,0.035
Viettel,vimo,IMD-TEST-2021083018190357751270260,48553,2022-03-06 04:34:50.497,A,50000,0.035
Viettel,vimo,IMD-TEST-2021083018190357751270261,48554,2022-03-06 04:34:50.497,A,50000,0.035
Viettel,vimo,IMD-TEST-2021083018190357751270262,48555,2022-03-06 04:34:50.497,A,50000,0.035
Viettel,vimo,IMD-TEST-2021083018190357751270263,48556,2022-03-06 04:34:50.497,A,50000,0.035
Viettel,vimo,IMD-TEST-2021083018190357751270264,48557,2022-03-06 04:34:50.497,A,50000,0.035
Viettel,vimo,IMD-TEST-2021083018190357751270265,48558,2022-03-06 04:34:50.497,A,50000,0.035
Viettel,vimo,IMD-TEST-2021083018190357823080266,48559,2022-03-06 04:34:50.497,A,50000,0.035
Viettel,vimo,IMD-TEST-2021083018190357823080267,48560,2022-03-06 04:34:50.497,A,50000,0.035
Viettel,vimo,IMD-TEST-2021083018190357823080268,48561,2022-03-06 04:34:50.497,A,50000,0.035
Viettel,vimo,IMD-TEST-2021083018190357823080269,48562,2022-03-06 04:34:50.497,A,50000,0.035
Viettel,vimo,IMD-TEST-2021083018190357823080270,48563,2022-03-06 04:34:50.497,A,50000,0.035
Viettel,vimo,IMD-TEST-2021083018190357823080271,48564,2022-03-06 04:34:50.497,A,50000,0.035
Viettel,vimo,IMD-TEST-2021083018190357823080272,48565,2022-03-06 04:34:50.497,A,50000,0.035
Viettel,vimo,IMD-TEST-2021083018190357823080273,48566,2022-03-06 04:34:50.497,A,50000,0.035
Viettel,vimo,IMD-TEST-2021083018190357899140274,48567,2022-03-06 04:34:50.497,A,50000,0.035
Viettel,vimo,IMD-TEST-2021083018190357999140275,48568,2022-03-06 04:34:50.497,A,50000,0.035
Viettel,vimo,IMD-TEST-2021083018190357999140276,48569,2022-03-06 04:34:50.497,A,50000,0.035
Viettel,vimo,IMD-TEST-2021083018190357999140277,48570,2022-03-06 04:34:50.497,A,50000,0.035
Viettel,vimo,IMD-TEST-2021083018190357999140278,48571,2022-03-06 04:34:50.497,A,50000,0.035
Viettel,vimo,IMD-TEST-2021083018190357999140279,48572,2022-03-06 04:34:50.497,A,50000,0.035
Viettel,vimo,IMD-TEST-2021083018190357999140280,48573,2022-03-06 04:34:50.497,A,50000,0.035
Viettel,vimo,IMD-TEST-2021083018190357999140281,48574,2022-03-06 04:34:50.497,A,50000,0.035
Viettel,vimo,IMD-TEST-2021083018190357999140282,48575,2022-03-06 04:34:50.497,A,50000,0.035
Viettel,vimo,IMD-TEST-2021083018190357999140283,48576,2022-03-06 04:34:50.497,A,50000,0.035
Viettel,vimo,IMD-TEST-2021083018190357979460284,48577,2022-03-06 04:34:50.497,A,50000,0.035
Viettel,vimo,IMD-TEST-2021083018190358079460285,48578,2022-03-06 04:34:50.497,A,50000,0.035
Viettel,vimo,IMD-TEST-2021083018190358079460286,48579,2022-03-06 04:34:50.497,A,50000,0.035
Viettel,vimo,IMD-TEST-2021083018190358079460287,48580,2022-03-06 04:34:50.497,A,50000,0.035
Viettel,vimo,IMD-TEST-2021083018190358079460288,48581,2022-03-06 04:34:50.497,A,50000,0.035
Viettel,vimo,IMD-TEST-2021083018190358079460289,48582,2022-03-06 04:34:50.497,A,50000,0.035
Viettel,vimo,IMD-TEST-2021083018190358079460290,48583,2022-03-06 04:34:50.497,A,50000,0.035
Viettel,vimo,IMD-TEST-2021083018190358079460291,48584,2022-03-06 04:34:50.497,A,50000,0.035
Viettel,vimo,IMD-TEST-2021083018190358079460292,48585,2022-03-06 04:34:50.497,A,50000,0.035
Viettel,vimo,IMD-TEST-2021083018190358079460293,48586,2022-03-06 04:34:50.497,A,50000,0.035
Viettel,vimo,IMD-TEST-2021083018190358155520294,48587,2022-03-06 04:34:50.497,A,50000,0.035
Viettel,vimo,IMD-TEST-2021083018190358155520295,48588,2022-03-06 04:34:50.497,A,50000,0.035
Viettel,vimo,IMD-TEST-2021083018190358155520296,48589,2022-03-06 04:34:50.497,A,50000,0.035
Viettel,vimo,IMD-TEST-2021083018190358155520297,48590,2022-03-06 04:34:50.497,A,50000,0.035
Viettel,vimo,IMD-TEST-2021083018190358155520298,48591,2022-03-06 04:34:50.497,A,50000,0.035
Viettel,vimo,IMD-TEST-2021083018190358155520299,48592,2022-03-06 04:34:50.497,A,50000,0.035
Viettel,vimo,IMD-TEST-2021083018190358155520300,48593,2022-03-06 04:34:50.497,A,50000,0.035
Viettel,vimo,IMD-TEST-2021083018190358155520301,48594,2022-03-06 04:34:50.497,A,50000,0.035
Viettel,vimo,IMD-TEST-2021083018190358155520302,48595,2022-03-06 04:34:50.497,A,50000,0.035
Viettel,vimo,IMD-TEST-2021083018190358155520303,48596,2022-03-06 04:34:50.497,A,50000,0.035
Viettel,vimo,IMD-TEST-2021083018190358593790339,48597,2022-03-06 04:34:50.497,A,50000,0.035
Viettel,vimo,IMD-TEST-2021083018190358227340304,48598,2022-03-06 04:34:50.497,A,50000,0.035
Viettel,vimo,IMD-TEST-2021083018190358227340305,48599,2022-03-06 04:34:50.497,A,50000,0.035
Viettel,vimo,IMD-TEST-2021083018190358227340306,48600,2022-03-06 04:34:50.497,A,50000,0.035
Viettel,vimo,IMD-TEST-2021083018190358227340307,48601,2022-03-06 04:34:50.497,A,50000,0.035
Viettel,vimo,IMD-TEST-2021083018190358227340308,48602,2022-03-06 04:34:50.497,A,50000,0.035
Viettel,vimo,IMD-TEST-2021083018190358227340309,48603,2022-03-06 04:34:50.497,A,50000,0.035
Viettel,vimo,IMD-TEST-2021083018190358227340310,48604,2022-03-06 04:34:50.497,A,50000,0.035
Viettel,vimo,IMD-TEST-2021083018190358227340311,48605,2022-03-06 04:34:50.497,A,50000,0.035
Viettel,vimo,IMD-TEST-2021083018190358227340312,48606,2022-03-06 04:34:50.497,A,50000,0.035
Viettel,vimo,IMD-TEST-2021083018190358227340313,48607,2022-03-06 04:34:50.497,A,50000,0.035
Viettel,vimo,IMD-TEST-2021083018190358203400314,48608,2022-03-06 04:34:50.497,A,50000,0.035
Viettel,vimo,IMD-TEST-2021083018190358303400315,48609,2022-03-06 04:34:50.497,A,50000,0.035
Viettel,vimo,IMD-TEST-2021083018190358303400316,48610,2022-03-06 04:34:50.497,A,50000,0.035
Viettel,vimo,IMD-TEST-2021083018190358303400317,48611,2022-03-06 04:34:50.497,A,50000,0.035
Viettel,vimo,IMD-TEST-2021083018190358303400318,48612,2022-03-06 04:34:50.497,A,50000,0.035
Viettel,vimo,IMD-TEST-2021083018190358303400319,48613,2022-03-06 04:34:50.497,A,50000,0.035
Viettel,vimo,IMD-TEST-2021083018190358303400320,48614,2022-03-06 04:34:50.497,A,50000,0.035
Viettel,vimo,IMD-TEST-2021083018190358303400321,48615,2022-03-06 04:34:50.497,A,50000,0.035
Viettel,vimo,IMD-TEST-2021083018190358303400322,48616,2022-03-06 04:34:50.497,A,50000,0.035
Viettel,vimo,IMD-TEST-2021083018190358317730323,48617,2022-03-06 04:34:50.497,A,50000,0.035
Viettel,vimo,IMD-TEST-2021083018190358417730324,48618,2022-03-06 04:34:50.497,A,50000,0.035
Viettel,vimo,IMD-TEST-2021083018190358417730325,48619,2022-03-06 04:34:50.497,A,50000,0.035
Viettel,vimo,IMD-TEST-2021083018190358417730326,48620,2022-03-06 04:34:50.497,A,50000,0.035
Viettel,vimo,IMD-TEST-2021083018190358417730327,48621,2022-03-06 04:34:50.497,A,50000,0.035
Viettel,vimo,IMD-TEST-2021083018190358417730328,48622,2022-03-06 04:34:50.497,A,50000,0.035
Viettel,vimo,IMD-TEST-2021083018190358417730329,48623,2022-03-06 04:34:50.497,A,50000,0.035
Viettel,vimo,IMD-TEST-2021083018190358417730330,48624,2022-03-06 04:34:50.497,A,50000,0.035
Viettel,vimo,IMD-TEST-2021083018190358417730331,48625,2022-03-06 04:34:50.497,A,50000,0.035
Viettel,vimo,IMD-TEST-2021083018190358417730332,48626,2022-03-06 04:34:50.497,A,50000,0.035
Viettel,vimo,IMD-TEST-2021083018190358417730333,48627,2022-03-06 04:34:50.497,A,50000,0.035
Viettel,vimo,IMD-TEST-2021083018190358593790334,48628,2022-03-06 04:34:50.497,A,50000,0.035
Viettel,vimo,IMD-TEST-2021083018190358593790335,48629,2022-03-06 04:34:50.497,A,50000,0.035
Viettel,vimo,IMD-TEST-2021083018190358593790336,48630,2022-03-06 04:34:50.497,A,50000,0.035
Viettel,vimo,IMD-TEST-2021083018190358593790337,48631,2022-03-06 04:34:50.497,A,50000,0.035
Viettel,vimo,IMD-TEST-2021083018190358593790338,48632,2022-03-06 04:34:50.497,A,50000,0.035
Viettel,vimo,IMD-TEST-2021083018190358593790340,48633,2022-03-06 04:34:50.497,A,50000,0.035
Viettel,vimo,IMD-TEST-2021083018190358593790341,48634,2022-03-06 04:34:50.497,A,50000,0.035
Viettel,vimo,IMD-TEST-2021083018190358593790342,48635,2022-03-06 04:34:50.497,A,50000,0.035
Viettel,vimo,IMD-TEST-2021083018190358593790343,48636,2022-03-06 04:34:50.497,A,50000,0.035
Viettel,vimo,IMD-TEST-2021083018190358593790344,48637,2022-03-06 04:34:50.497,A,50000,0.035
Viettel,vimo,IMD-TEST-2021083018190358565600345,48638,2022-03-06 04:34:50.497,A,50000,0.035
Viettel,vimo,IMD-TEST-2021083018190358665600346,48639,2022-03-06 04:34:50.497,A,50000,0.035
Viettel,vimo,IMD-TEST-2021083018190358665600347,48640,2022-03-06 04:34:50.497,A,50000,0.035
Viettel,vimo,IMD-TEST-2021083018190358665600348,48641,2022-03-06 04:34:50.497,A,50000,0.035
Viettel,vimo,IMD-TEST-2021083018190358665600349,48642,2022-03-06 04:34:50.497,A,50000,0.035
Viettel,vimo,IMD-TEST-2021083018190358665600350,48643,2022-03-06 04:34:50.497,A,50000,0.035
Viettel,vimo,IMD-TEST-2021083018190358665600351,48644,2022-03-06 04:34:50.497,A,50000,0.035
Viettel,vimo,IMD-TEST-2021083018190358665600352,48645,2022-03-06 04:34:50.497,A,50000,0.035
Viettel,vimo,IMD-TEST-2021083018190358665600353,48646,2022-03-06 04:34:50.497,A,50000,0.035
Viettel,vimo,IMD-TEST-2021083018190358665600354,48647,2022-03-06 04:34:50.497,A,50000,0.035
Viettel,vimo,IMD-TEST-2021083018190358665600355,48648,2022-03-06 04:34:50.497,A,50000,0.035
Viettel,vimo,IMD-TEST-2021083018190358641670356,48649,2022-03-06 04:34:50.497,A,50000,0.035
Viettel,vimo,IMD-TEST-2021083018190358741670357,48650,2022-03-06 04:34:50.497,A,50000,0.035
Viettel,vimo,IMD-TEST-2021083018190358741670358,48651,2022-03-06 04:34:50.497,A,50000,0.035
Viettel,vimo,IMD-TEST-2021083018190358741670359,48652,2022-03-06 04:34:50.497,A,50000,0.035
Viettel,vimo,IMD-TEST-2021083018190358741670360,48653,2022-03-06 04:34:50.497,A,50000,0.035
Viettel,vimo,IMD-TEST-2021083018190358741670361,48654,2022-03-06 04:34:50.497,A,50000,0.035
Viettel,vimo,IMD-TEST-2021083018190358741670362,48655,2022-03-06 04:34:50.497,A,50000,0.035
Viettel,vimo,IMD-TEST-2021083018190358741670363,48656,2022-03-06 04:34:50.497,A,50000,0.035
Viettel,vimo,IMD-TEST-2021083018190358741670364,48657,2022-03-06 04:34:50.497,A,50000,0.035
Viettel,vimo,IMD-TEST-2021083018190358741670365,48658,2022-03-06 04:34:50.497,A,50000,0.035
Viettel,vimo,IMD-TEST-2021083018190358741670366,48659,2022-03-06 04:34:50.497,A,50000,0.035
Viettel,vimo,IMD-TEST-2021083018190358741670367,48660,2022-03-06 04:34:50.497,A,50000,0.035
Viettel,vimo,IMD-TEST-2021083018190358821990368,48661,2022-03-06 04:34:50.497,A,50000,0.035
Viettel,vimo,IMD-TEST-2021083018190358821990369,48662,2022-03-06 04:34:50.497,A,50000,0.035
Viettel,vimo,IMD-TEST-2021083018190358821990370,48663,2022-03-06 04:34:50.497,A,50000,0.035
Viettel,vimo,IMD-TEST-2021083018190358821990371,48664,2022-03-06 04:34:50.497,A,50000,0.035
Viettel,vimo,IMD-TEST-2021083018190358821990372,48665,2022-03-06 04:34:50.497,A,50000,0.035
Viettel,vimo,IMD-TEST-2021083018190358821990373,48666,2022-03-06 04:34:50.497,A,50000,0.035
Viettel,vimo,IMD-TEST-2021083018190358821990374,48667,2022-03-06 04:34:50.497,A,50000,0.035
Viettel,vimo,IMD-TEST-2021083018190358821990375,48668,2022-03-06 04:34:50.497,A,50000,0.035
Viettel,vimo,IMD-TEST-2021083018190358821990376,48669,2022-03-06 04:34:50.497,A,50000,0.035
Viettel,vimo,IMD-TEST-2021083018190358821990377,48670,2022-03-06 04:34:50.497,A,50000,0.035
Viettel,vimo,IMD-TEST-2021083018190358821990378,48671,2022-03-06 04:34:50.497,A,50000,0.035
Viettel,vimo,IMD-TEST-2021083018190358898040379,48672,2022-03-06 04:34:50.497,A,50000,0.035
Viettel,vimo,IMD-TEST-2021083018190358998040380,48673,2022-03-06 04:34:50.497,A,50000,0.035
Viettel,vimo,IMD-TEST-2021083018190358998040381,48674,2022-03-06 04:34:50.497,A,50000,0.035
Viettel,vimo,IMD-TEST-2021083018190358998040382,48675,2022-03-06 04:34:50.497,A,50000,0.035
Viettel,vimo,IMD-TEST-2021083018190358998040383,48676,2022-03-06 04:34:50.497,A,50000,0.035
Viettel,vimo,IMD-TEST-2021083018190358998040384,48677,2022-03-06 04:34:50.497,A,50000,0.035
Viettel,vimo,IMD-TEST-2021083018190358998040385,48678,2022-03-06 04:34:50.497,A,50000,0.035
Viettel,vimo,IMD-TEST-2021083018190358998040386,48679,2022-03-06 04:34:50.497,A,50000,0.035
Viettel,vimo,IMD-TEST-2021083018190358998040387,48680,2022-03-06 04:34:50.497,A,50000,0.035
Viettel,vimo,IMD-TEST-2021083018190358998040388,48681,2022-03-06 04:34:50.497,A,50000,0.035
Viettel,vimo,IMD-TEST-2021083018190358998040389,48682,2022-03-06 04:34:50.497,A,50000,0.035
Viettel,vimo,IMD-TEST-2021083018190358998040390,48683,2022-03-06 04:34:50.497,A,50000,0.035
Viettel,vimo,IMD-TEST-2021083018190359069860391,48684,2022-03-06 04:34:50.497,A,50000,0.035
Viettel,vimo,IMD-TEST-2021083018190359069860392,48685,2022-03-06 04:34:50.497,A,50000,0.035
Viettel,vimo,IMD-TEST-2021083018190359069860393,48686,2022-03-06 04:34:50.497,A,50000,0.035
Viettel,vimo,IMD-TEST-2021083018190359069860394,48687,2022-03-06 04:34:50.497,A,50000,0.035
Viettel,vimo,IMD-TEST-2021083018190359069860395,48688,2022-03-06 04:34:50.497,A,50000,0.035
Viettel,vimo,IMD-TEST-2021083018190359069860396,48689,2022-03-06 04:34:50.497,A,50000,0.035
Viettel,vimo,IMD-TEST-2021083018190359069860397,48690,2022-03-06 04:34:50.497,A,50000,0.035
Viettel,vimo,IMD-TEST-2021083018190359069860398,48691,2022-03-06 04:34:50.497,A,50000,0.035
Viettel,vimo,IMD-TEST-2021083018190359069860399,48692,2022-03-06 04:34:50.497,A,50000,0.035
Viettel,vimo,IMD-TEST-2021083018190359069860400,48693,2022-03-06 04:34:50.497,A,50000,0.035
Viettel,vimo,IMD-TEST-2021083018190359069860401,48694,2022-03-06 04:34:50.497,A,50000,0.035
Viettel,vimo,IMD-TEST-2021083018190359069860402,48695,2022-03-06 04:34:50.497,A,50000,0.035
Viettel,vimo,IMD-TEST-2021083018190359145920403,48696,2022-03-06 04:34:50.497,A,50000,0.035
Viettel,vimo,IMD-TEST-2021083018190359145920404,48697,2022-03-06 04:34:50.497,A,50000,0.035
Viettel,vimo,IMD-TEST-2021083018190359145920405,48698,2022-03-06 04:34:50.497,A,50000,0.035
Viettel,vimo,IMD-TEST-2021083018190359145920406,48699,2022-03-06 04:34:50.497,A,50000,0.035
Viettel,vimo,IMD-TEST-2021083018190359145920407,48700,2022-03-06 04:34:50.497,A,50000,0.035
Viettel,vimo,IMD-TEST-2021083018190359145920408,48701,2022-03-06 04:34:50.497,A,50000,0.035
Viettel,vimo,IMD-TEST-2021083018190359145920409,48702,2022-03-06 04:34:50.497,A,50000,0.035
Viettel,vimo,IMD-TEST-2021083018190359126240410,48703,2022-03-06 04:34:50.497,A,50000,0.035
Viettel,vimo,IMD-TEST-2021083018190359226240411,48704,2022-03-06 04:34:50.497,A,50000,0.035
Viettel,vimo,IMD-TEST-2021083018190359226240412,48705,2022-03-06 04:34:50.497,A,50000,0.035
Viettel,vimo,IMD-TEST-2021083018190359226240413,48706,2022-03-06 04:34:50.497,A,50000,0.035
Viettel,vimo,IMD-TEST-2021083018190359226240414,48707,2022-03-06 04:34:50.497,A,50000,0.035
Viettel,vimo,IMD-TEST-2021083018190359226240415,48708,2022-03-06 04:34:50.497,A,50000,0.035
Viettel,vimo,IMD-TEST-2021083018190359226240416,48709,2022-03-06 04:34:50.497,A,50000,0.035
Viettel,vimo,IMD-TEST-2021083018190359226240417,48710,2022-03-06 04:34:50.497,A,50000,0.035
Viettel,vimo,IMD-TEST-2021083018190359226240418,48711,2022-03-06 04:34:50.497,A,50000,0.035
Viettel,vimo,IMD-TEST-2021083018190359302300419,48712,2022-03-06 04:34:50.497,A,50000,0.035
Viettel,vimo,IMD-TEST-2021083018190359302300420,48713,2022-03-06 04:34:50.497,A,50000,0.035
Viettel,vimo,IMD-TEST-2021083018190359302300421,48714,2022-03-06 04:34:50.497,A,50000,0.035
Viettel,vimo,IMD-TEST-2021083018190359302300422,48715,2022-03-06 04:34:50.497,A,50000,0.035
Viettel,vimo,IMD-TEST-2021083018190359302300423,48716,2022-03-06 04:34:50.497,A,50000,0.035
Viettel,vimo,IMD-TEST-2021083018190359302300424,48717,2022-03-06 04:34:50.497,A,50000,0.035
Viettel,vimo,IMD-TEST-2021083018190359302300425,48718,2022-03-06 04:34:50.497,A,50000,0.035
Viettel,vimo,IMD-TEST-2021083018190359302300426,48719,2022-03-06 04:34:50.497,A,50000,0.035
Viettel,vimo,IMD-TEST-2021083018190359302300427,48720,2022-03-06 04:34:50.497,A,50000,0.035
Viettel,vimo,IMD-TEST-2021083018190359302300428,48721,2022-03-06 04:34:50.497,A,50000,0.035
Viettel,vimo,IMD-TEST-2021083018190359474110429,48722,2022-03-06 04:34:50.497,A,50000,0.035
Viettel,vimo,IMD-TEST-2021083018190359474110430,48723,2022-03-06 04:34:50.497,A,50000,0.035
Viettel,vimo,IMD-TEST-2021083018190359474110431,48724,2022-03-06 04:34:50.497,A,50000,0.035
Viettel,vimo,IMD-TEST-2021083018190359474110432,48725,2022-03-06 04:34:50.497,A,50000,0.035
Viettel,vimo,IMD-TEST-2021083018190359474110433,48726,2022-03-06 04:34:50.497,A,50000,0.035
Viettel,vimo,IMD-TEST-2021083018190359474110434,48727,2022-03-06 04:34:50.497,A,50000,0.035
Viettel,vimo,IMD-TEST-2021083018190359474110435,48728,2022-03-06 04:34:50.497,A,50000,0.035
Viettel,vimo,IMD-TEST-2021083018190359474110436,48729,2022-03-06 04:34:50.497,A,50000,0.035
Viettel,vimo,IMD-TEST-2021083018190359474110437,48730,2022-03-06 04:34:50.497,A,50000,0.035
Viettel,vimo,IMD-TEST-2021083018190359474110438,48731,2022-03-06 04:34:50.497,A,50000,0.035
Viettel,vimo,IMD-TEST-2021083018190359474110439,48732,2022-03-06 04:34:50.497,A,50000,0.035
Viettel,vimo,IMD-TEST-2021083018190359550170440,48733,2022-03-06 04:34:50.497,A,50000,0.035
Viettel,vimo,IMD-TEST-2021083018190359550170441,48734,2022-03-06 04:34:50.497,A,50000,0.035
Viettel,vimo,IMD-TEST-2021083018190359550170442,48735,2022-03-06 04:34:50.497,A,50000,0.035
Viettel,vimo,IMD-TEST-2021083018190359550170443,48736,2022-03-06 04:34:50.497,A,50000,0.035
Viettel,vimo,IMD-TEST-2021083018190359550170444,48737,2022-03-06 04:34:50.497,A,50000,0.035
Viettel,vimo,IMD-TEST-2021083018190359550170445,48738,2022-03-06 04:34:50.497,A,50000,0.035
Viettel,vimo,IMD-TEST-2021083018190359550170446,48739,2022-03-06 04:34:50.497,A,50000,0.035
Viettel,vimo,IMD-TEST-2021083018190359550170447,48740,2022-03-06 04:34:50.497,A,50000,0.035
Viettel,vimo,IMD-TEST-2021083018190359550170448,48741,2022-03-06 04:34:50.497,A,50000,0.035
Viettel,vimo,IMD-TEST-2021083018190359550170449,48742,2022-03-06 04:34:50.497,A,50000,0.035
Viettel,vimo,IMD-TEST-2021083018190359550170450,48743,2022-03-06 04:34:50.497,A,50000,0.035
Viettel,vimo,IMD-TEST-2021083018190359530490451,48744,2022-03-06 04:34:50.497,A,50000,0.035
Viettel,vimo,IMD-TEST-2021083018190359630490452,48745,2022-03-06 04:34:50.497,A,50000,0.035
Viettel,vimo,IMD-TEST-2021083018190359630490453,48746,2022-03-06 04:34:50.497,A,50000,0.035
Viettel,vimo,IMD-TEST-2021083018190359630490454,48747,2022-03-06 04:34:50.497,A,50000,0.035
Viettel,vimo,IMD-TEST-2021083018190359630490455,48748,2022-03-06 04:34:50.497,A,50000,0.035
Viettel,vimo,IMD-TEST-2021083018190359630490456,48749,2022-03-06 04:34:50.497,A,50000,0.035
Viettel,vimo,IMD-TEST-2021083018190359630490457,48750,2022-03-06 04:34:50.497,A,50000,0.035
Viettel,vimo,IMD-TEST-2021083018190359630490458,48751,2022-03-06 04:34:50.497,A,50000,0.035
Viettel,vimo,IMD-TEST-2021083018190359630490459,48752,2022-03-06 04:34:50.497,A,50000,0.035
Viettel,vimo,IMD-TEST-2021083018190359630490460,48753,2022-03-06 04:34:50.497,A,50000,0.035
Viettel,vimo,IMD-TEST-2021083018190359630490461,48754,2022-03-06 04:34:50.497,A,50000,0.035
